1   Arbeitnehmerentgelt (Inlandskonzept);;;;;;;;;;;;;;;;;;;;;;;;;;;;;;;
1.4.3.1 Öffentliche Dienstleistungen, Erziehung, Gesundheit (O-Q);;;;;;;;;;;;;;;;;;;;;;;;;;;;;;;
in Mio. EUR;;;;;;;;;;;;;;;;;;;;;;;;;;;;;;;
;;;;;;;Zurück zum Inhaltsverzeichnis;;;;;;;;;;;;;;;;;;;;;;;;
Lfd. Nr.;EU-Code;Regional-schlüssel;Land;NUTS 1;NUTS 2;NUTS 3;Gebietseinheit;2000;2001;2002;2003;2004;2005;2006;2007;2008;2009;2010;2011;2012;2013;2014;2015;2016;2017;2018;2019;2020;2021;2022;2023
;;;;;;;;;;;;;;;;;;;;;;;;;;;;;;;
1;DE1;08;BW;1;;;Baden-Württemberg;  33 116  ;  34 339  ;  35 452  ;  36 200  ;  36 302  ;  36 166  ;  36 661  ;  36 809  ;  37 936  ;  40 348  ;  41 578  ;  42 492  ;  43 886  ;  45 234  ;  46 674  ;  48 326  ;  50 352  ;  52 857  ;  54 855  ;  57 904  ;  60 380  ;  63 061  ;  65 926  ;  69 206  
2;DE11;081;BW;;2;;Stuttgart, Regierungsbezirk;  11 393  ;  11 778  ;  12 167  ;  12 457  ;  12 497  ;  12 441  ;  12 729  ;  12 647  ;  13 011  ;  13 837  ;  14 216  ;  14 556  ;  15 040  ;  15 493  ;  16 015  ;  16 580  ;  17 279  ;  18 164  ;  18 845  ;  19 891  ;  20 754  ;  21 696  ;  22 724  ;  23 916  
3;DE111;08111;BW;;;3;Stuttgart, Landeshauptstadt, Stadtkreis; 	.  ; 	.  ; 	.  ; 	.  ; 	.  ; 	.  ; 	.  ; 	.  ; 	.  ; 	.  ; 	.  ; 	.  ; 	.  ; 	.  ; 	.  ; 	.  ; 	.  ; 	.  ; 	.  ; 	.  ; 	.  ; 	.  ; 	.  ; 	.  
4;DE112;08115;BW;;;3;Böblingen, Landkreis; 	.  ; 	.  ; 	.  ; 	.  ; 	.  ; 	.  ; 	.  ; 	.  ; 	.  ; 	.  ; 	.  ; 	.  ; 	.  ; 	.  ; 	.  ; 	.  ; 	.  ; 	.  ; 	.  ; 	.  ; 	.  ; 	.  ; 	.  ; 	.  
5;DE113;08116;BW;;;3;Esslingen, Landkreis; 	.  ; 	.  ; 	.  ; 	.  ; 	.  ; 	.  ; 	.  ; 	.  ; 	.  ; 	.  ; 	.  ; 	.  ; 	.  ; 	.  ; 	.  ; 	.  ; 	.  ; 	.  ; 	.  ; 	.  ; 	.  ; 	.  ; 	.  ; 	.  
6;DE114;08117;BW;;;3;Göppingen, Landkreis; 	.  ; 	.  ; 	.  ; 	.  ; 	.  ; 	.  ; 	.  ; 	.  ; 	.  ; 	.  ; 	.  ; 	.  ; 	.  ; 	.  ; 	.  ; 	.  ; 	.  ; 	.  ; 	.  ; 	.  ; 	.  ; 	.  ; 	.  ; 	.  
7;DE115;08118;BW;;;3;Ludwigsburg, Landkreis; 	.  ; 	.  ; 	.  ; 	.  ; 	.  ; 	.  ; 	.  ; 	.  ; 	.  ; 	.  ; 	.  ; 	.  ; 	.  ; 	.  ; 	.  ; 	.  ; 	.  ; 	.  ; 	.  ; 	.  ; 	.  ; 	.  ; 	.  ; 	.  
8;DE116;08119;BW;;;3;Rems-Murr-Kreis; 	.  ; 	.  ; 	.  ; 	.  ; 	.  ; 	.  ; 	.  ; 	.  ; 	.  ; 	.  ; 	.  ; 	.  ; 	.  ; 	.  ; 	.  ; 	.  ; 	.  ; 	.  ; 	.  ; 	.  ; 	.  ; 	.  ; 	.  ; 	.  
9;DE117;08121;BW;;;3;Heilbronn, Stadtkreis; 	.  ; 	.  ; 	.  ; 	.  ; 	.  ; 	.  ; 	.  ; 	.  ; 	.  ; 	.  ; 	.  ; 	.  ; 	.  ; 	.  ; 	.  ; 	.  ; 	.  ; 	.  ; 	.  ; 	.  ; 	.  ; 	.  ; 	.  ; 	.  
10;DE118;08125;BW;;;3;Heilbronn, Landkreis; 	.  ; 	.  ; 	.  ; 	.  ; 	.  ; 	.  ; 	.  ; 	.  ; 	.  ; 	.  ; 	.  ; 	.  ; 	.  ; 	.  ; 	.  ; 	.  ; 	.  ; 	.  ; 	.  ; 	.  ; 	.  ; 	.  ; 	.  ; 	.  
11;DE119;08126;BW;;;3;Hohenlohekreis; 	.  ; 	.  ; 	.  ; 	.  ; 	.  ; 	.  ; 	.  ; 	.  ; 	.  ; 	.  ; 	.  ; 	.  ; 	.  ; 	.  ; 	.  ; 	.  ; 	.  ; 	.  ; 	.  ; 	.  ; 	.  ; 	.  ; 	.  ; 	.  
12;DE11A;08127;BW;;;3;Schwäbisch Hall, Landkreis; 	.  ; 	.  ; 	.  ; 	.  ; 	.  ; 	.  ; 	.  ; 	.  ; 	.  ; 	.  ; 	.  ; 	.  ; 	.  ; 	.  ; 	.  ; 	.  ; 	.  ; 	.  ; 	.  ; 	.  ; 	.  ; 	.  ; 	.  ; 	.  
13;DE11B;08128;BW;;;3;Main-Tauber-Kreis; 	.  ; 	.  ; 	.  ; 	.  ; 	.  ; 	.  ; 	.  ; 	.  ; 	.  ; 	.  ; 	.  ; 	.  ; 	.  ; 	.  ; 	.  ; 	.  ; 	.  ; 	.  ; 	.  ; 	.  ; 	.  ; 	.  ; 	.  ; 	.  
14;DE11C;08135;BW;;;3;Heidenheim, Landkreis; 	.  ; 	.  ; 	.  ; 	.  ; 	.  ; 	.  ; 	.  ; 	.  ; 	.  ; 	.  ; 	.  ; 	.  ; 	.  ; 	.  ; 	.  ; 	.  ; 	.  ; 	.  ; 	.  ; 	.  ; 	.  ; 	.  ; 	.  ; 	.  
15;DE11D;08136;BW;;;3;Ostalbkreis; 	.  ; 	.  ; 	.  ; 	.  ; 	.  ; 	.  ; 	.  ; 	.  ; 	.  ; 	.  ; 	.  ; 	.  ; 	.  ; 	.  ; 	.  ; 	.  ; 	.  ; 	.  ; 	.  ; 	.  ; 	.  ; 	.  ; 	.  ; 	.  
16;DE12;082;BW;;2;;Karlsruhe, Regierungsbezirk;  8 912  ;  9 188  ;  9 446  ;  9 666  ;  9 676  ;  9 626  ;  9 671  ;  9 719  ;  10 175  ;  10 813  ;  11 170  ;  11 385  ;  11 739  ;  12 114  ;  12 402  ;  12 825  ;  13 363  ;  14 023  ;  14 560  ;  15 310  ;  15 959  ;  16 669  ;  17 422  ;  18 311  
17;DE121;08211;BW;;;3;Baden-Baden, Stadtkreis; 	.  ; 	.  ; 	.  ; 	.  ; 	.  ; 	.  ; 	.  ; 	.  ; 	.  ; 	.  ; 	.  ; 	.  ; 	.  ; 	.  ; 	.  ; 	.  ; 	.  ; 	.  ; 	.  ; 	.  ; 	.  ; 	.  ; 	.  ; 	.  
18;DE122;08212;BW;;;3;Karlsruhe, Stadtkreis; 	.  ; 	.  ; 	.  ; 	.  ; 	.  ; 	.  ; 	.  ; 	.  ; 	.  ; 	.  ; 	.  ; 	.  ; 	.  ; 	.  ; 	.  ; 	.  ; 	.  ; 	.  ; 	.  ; 	.  ; 	.  ; 	.  ; 	.  ; 	.  
19;DE123;08215;BW;;;3;Karlsruhe, Landkreis; 	.  ; 	.  ; 	.  ; 	.  ; 	.  ; 	.  ; 	.  ; 	.  ; 	.  ; 	.  ; 	.  ; 	.  ; 	.  ; 	.  ; 	.  ; 	.  ; 	.  ; 	.  ; 	.  ; 	.  ; 	.  ; 	.  ; 	.  ; 	.  
20;DE124;08216;BW;;;3;Rastatt, Landkreis; 	.  ; 	.  ; 	.  ; 	.  ; 	.  ; 	.  ; 	.  ; 	.  ; 	.  ; 	.  ; 	.  ; 	.  ; 	.  ; 	.  ; 	.  ; 	.  ; 	.  ; 	.  ; 	.  ; 	.  ; 	.  ; 	.  ; 	.  ; 	.  
21;DE125;08221;BW;;;3;Heidelberg, Stadtkreis; 	.  ; 	.  ; 	.  ; 	.  ; 	.  ; 	.  ; 	.  ; 	.  ; 	.  ; 	.  ; 	.  ; 	.  ; 	.  ; 	.  ; 	.  ; 	.  ; 	.  ; 	.  ; 	.  ; 	.  ; 	.  ; 	.  ; 	.  ; 	.  
22;DE126;08222;BW;;;3;Mannheim, Universitätsstadt, Stadtkreis; 	.  ; 	.  ; 	.  ; 	.  ; 	.  ; 	.  ; 	.  ; 	.  ; 	.  ; 	.  ; 	.  ; 	.  ; 	.  ; 	.  ; 	.  ; 	.  ; 	.  ; 	.  ; 	.  ; 	.  ; 	.  ; 	.  ; 	.  ; 	.  
23;DE127;08225;BW;;;3;Neckar-Odenwald-Kreis; 	.  ; 	.  ; 	.  ; 	.  ; 	.  ; 	.  ; 	.  ; 	.  ; 	.  ; 	.  ; 	.  ; 	.  ; 	.  ; 	.  ; 	.  ; 	.  ; 	.  ; 	.  ; 	.  ; 	.  ; 	.  ; 	.  ; 	.  ; 	.  
24;DE128;08226;BW;;;3;Rhein-Neckar-Kreis; 	.  ; 	.  ; 	.  ; 	.  ; 	.  ; 	.  ; 	.  ; 	.  ; 	.  ; 	.  ; 	.  ; 	.  ; 	.  ; 	.  ; 	.  ; 	.  ; 	.  ; 	.  ; 	.  ; 	.  ; 	.  ; 	.  ; 	.  ; 	.  
25;DE129;08231;BW;;;3;Pforzheim, Stadtkreis; 	.  ; 	.  ; 	.  ; 	.  ; 	.  ; 	.  ; 	.  ; 	.  ; 	.  ; 	.  ; 	.  ; 	.  ; 	.  ; 	.  ; 	.  ; 	.  ; 	.  ; 	.  ; 	.  ; 	.  ; 	.  ; 	.  ; 	.  ; 	.  
26;DE12A;08235;BW;;;3;Calw, Landkreis; 	.  ; 	.  ; 	.  ; 	.  ; 	.  ; 	.  ; 	.  ; 	.  ; 	.  ; 	.  ; 	.  ; 	.  ; 	.  ; 	.  ; 	.  ; 	.  ; 	.  ; 	.  ; 	.  ; 	.  ; 	.  ; 	.  ; 	.  ; 	.  
27;DE12B;08236;BW;;;3;Enzkreis; 	.  ; 	.  ; 	.  ; 	.  ; 	.  ; 	.  ; 	.  ; 	.  ; 	.  ; 	.  ; 	.  ; 	.  ; 	.  ; 	.  ; 	.  ; 	.  ; 	.  ; 	.  ; 	.  ; 	.  ; 	.  ; 	.  ; 	.  ; 	.  
28;DE12C;08237;BW;;;3;Freudenstadt, Landkreis; 	.  ; 	.  ; 	.  ; 	.  ; 	.  ; 	.  ; 	.  ; 	.  ; 	.  ; 	.  ; 	.  ; 	.  ; 	.  ; 	.  ; 	.  ; 	.  ; 	.  ; 	.  ; 	.  ; 	.  ; 	.  ; 	.  ; 	.  ; 	.  
29;DE13;083;BW;;2;;Freiburg, Regierungsbezirk;  6 692  ;  7 001  ;  7 231  ;  7 352  ;  7 372  ;  7 301  ;  7 426  ;  7 428  ;  7 716  ;  8 206  ;  8 453  ;  8 634  ;  8 965  ;  9 264  ;  9 860  ;  10 257  ;  10 616  ;  11 162  ;  11 618  ;  12 286  ;  12 771  ;  13 297  ;  13 882  ;  14 556  
30;DE131;08311;BW;;;3;Freiburg im Breisgau, Stadtkreis; 	.  ; 	.  ; 	.  ; 	.  ; 	.  ; 	.  ; 	.  ; 	.  ; 	.  ; 	.  ; 	.  ; 	.  ; 	.  ; 	.  ; 	.  ; 	.  ; 	.  ; 	.  ; 	.  ; 	.  ; 	.  ; 	.  ; 	.  ; 	.  
31;DE132;08315;BW;;;3;Breisgau-Hochschwarzwald, Landkreis; 	.  ; 	.  ; 	.  ; 	.  ; 	.  ; 	.  ; 	.  ; 	.  ; 	.  ; 	.  ; 	.  ; 	.  ; 	.  ; 	.  ; 	.  ; 	.  ; 	.  ; 	.  ; 	.  ; 	.  ; 	.  ; 	.  ; 	.  ; 	.  
32;DE133;08316;BW;;;3;Emmendingen, Landkreis; 	.  ; 	.  ; 	.  ; 	.  ; 	.  ; 	.  ; 	.  ; 	.  ; 	.  ; 	.  ; 	.  ; 	.  ; 	.  ; 	.  ; 	.  ; 	.  ; 	.  ; 	.  ; 	.  ; 	.  ; 	.  ; 	.  ; 	.  ; 	.  
33;DE134;08317;BW;;;3;Ortenaukreis; 	.  ; 	.  ; 	.  ; 	.  ; 	.  ; 	.  ; 	.  ; 	.  ; 	.  ; 	.  ; 	.  ; 	.  ; 	.  ; 	.  ; 	.  ; 	.  ; 	.  ; 	.  ; 	.  ; 	.  ; 	.  ; 	.  ; 	.  ; 	.  
34;DE135;08325;BW;;;3;Rottweil, Landkreis; 	.  ; 	.  ; 	.  ; 	.  ; 	.  ; 	.  ; 	.  ; 	.  ; 	.  ; 	.  ; 	.  ; 	.  ; 	.  ; 	.  ; 	.  ; 	.  ; 	.  ; 	.  ; 	.  ; 	.  ; 	.  ; 	.  ; 	.  ; 	.  
35;DE136;08326;BW;;;3;Schwarzwald-Baar-Kreis; 	.  ; 	.  ; 	.  ; 	.  ; 	.  ; 	.  ; 	.  ; 	.  ; 	.  ; 	.  ; 	.  ; 	.  ; 	.  ; 	.  ; 	.  ; 	.  ; 	.  ; 	.  ; 	.  ; 	.  ; 	.  ; 	.  ; 	.  ; 	.  
36;DE137;08327;BW;;;3;Tuttlingen, Landkreis; 	.  ; 	.  ; 	.  ; 	.  ; 	.  ; 	.  ; 	.  ; 	.  ; 	.  ; 	.  ; 	.  ; 	.  ; 	.  ; 	.  ; 	.  ; 	.  ; 	.  ; 	.  ; 	.  ; 	.  ; 	.  ; 	.  ; 	.  ; 	.  
37;DE138;08335;BW;;;3;Konstanz, Landkreis; 	.  ; 	.  ; 	.  ; 	.  ; 	.  ; 	.  ; 	.  ; 	.  ; 	.  ; 	.  ; 	.  ; 	.  ; 	.  ; 	.  ; 	.  ; 	.  ; 	.  ; 	.  ; 	.  ; 	.  ; 	.  ; 	.  ; 	.  ; 	.  
38;DE139;08336;BW;;;3;Lörrach, Landkreis; 	.  ; 	.  ; 	.  ; 	.  ; 	.  ; 	.  ; 	.  ; 	.  ; 	.  ; 	.  ; 	.  ; 	.  ; 	.  ; 	.  ; 	.  ; 	.  ; 	.  ; 	.  ; 	.  ; 	.  ; 	.  ; 	.  ; 	.  ; 	.  
39;DE13A;08337;BW;;;3;Waldshut, Landkreis; 	.  ; 	.  ; 	.  ; 	.  ; 	.  ; 	.  ; 	.  ; 	.  ; 	.  ; 	.  ; 	.  ; 	.  ; 	.  ; 	.  ; 	.  ; 	.  ; 	.  ; 	.  ; 	.  ; 	.  ; 	.  ; 	.  ; 	.  ; 	.  
40;DE14;084;BW;;2;;Tübingen, Regierungsbezirk;  6 120  ;  6 373  ;  6 608  ;  6 725  ;  6 756  ;  6 798  ;  6 835  ;  7 015  ;  7 034  ;  7 492  ;  7 740  ;  7 917  ;  8 141  ;  8 362  ;  8 396  ;  8 664  ;  9 095  ;  9 509  ;  9 832  ;  10 418  ;  10 897  ;  11 399  ;  11 897  ;  12 423  
41;DE141;08415;BW;;;3;Reutlingen, Landkreis; 	.  ; 	.  ; 	.  ; 	.  ; 	.  ; 	.  ; 	.  ; 	.  ; 	.  ; 	.  ; 	.  ; 	.  ; 	.  ; 	.  ; 	.  ; 	.  ; 	.  ; 	.  ; 	.  ; 	.  ; 	.  ; 	.  ; 	.  ; 	.  
42;DE142;08416;BW;;;3;Tübingen, Landkreis; 	.  ; 	.  ; 	.  ; 	.  ; 	.  ; 	.  ; 	.  ; 	.  ; 	.  ; 	.  ; 	.  ; 	.  ; 	.  ; 	.  ; 	.  ; 	.  ; 	.  ; 	.  ; 	.  ; 	.  ; 	.  ; 	.  ; 	.  ; 	.  
43;DE143;08417;BW;;;3;Zollernalbkreis; 	.  ; 	.  ; 	.  ; 	.  ; 	.  ; 	.  ; 	.  ; 	.  ; 	.  ; 	.  ; 	.  ; 	.  ; 	.  ; 	.  ; 	.  ; 	.  ; 	.  ; 	.  ; 	.  ; 	.  ; 	.  ; 	.  ; 	.  ; 	.  
44;DE144;08421;BW;;;3;Ulm, Universitätsstadt, Stadtkreis; 	.  ; 	.  ; 	.  ; 	.  ; 	.  ; 	.  ; 	.  ; 	.  ; 	.  ; 	.  ; 	.  ; 	.  ; 	.  ; 	.  ; 	.  ; 	.  ; 	.  ; 	.  ; 	.  ; 	.  ; 	.  ; 	.  ; 	.  ; 	.  
45;DE145;08425;BW;;;3;Alb-Donau-Kreis; 	.  ; 	.  ; 	.  ; 	.  ; 	.  ; 	.  ; 	.  ; 	.  ; 	.  ; 	.  ; 	.  ; 	.  ; 	.  ; 	.  ; 	.  ; 	.  ; 	.  ; 	.  ; 	.  ; 	.  ; 	.  ; 	.  ; 	.  ; 	.  
46;DE146;08426;BW;;;3;Biberach, Landkreis; 	.  ; 	.  ; 	.  ; 	.  ; 	.  ; 	.  ; 	.  ; 	.  ; 	.  ; 	.  ; 	.  ; 	.  ; 	.  ; 	.  ; 	.  ; 	.  ; 	.  ; 	.  ; 	.  ; 	.  ; 	.  ; 	.  ; 	.  ; 	.  
47;DE147;08435;BW;;;3;Bodenseekreis; 	.  ; 	.  ; 	.  ; 	.  ; 	.  ; 	.  ; 	.  ; 	.  ; 	.  ; 	.  ; 	.  ; 	.  ; 	.  ; 	.  ; 	.  ; 	.  ; 	.  ; 	.  ; 	.  ; 	.  ; 	.  ; 	.  ; 	.  ; 	.  
48;DE148;08436;BW;;;3;Ravensburg, Landkreis; 	.  ; 	.  ; 	.  ; 	.  ; 	.  ; 	.  ; 	.  ; 	.  ; 	.  ; 	.  ; 	.  ; 	.  ; 	.  ; 	.  ; 	.  ; 	.  ; 	.  ; 	.  ; 	.  ; 	.  ; 	.  ; 	.  ; 	.  ; 	.  
49;DE149;08437;BW;;;3;Sigmaringen, Landkreis; 	.  ; 	.  ; 	.  ; 	.  ; 	.  ; 	.  ; 	.  ; 	.  ; 	.  ; 	.  ; 	.  ; 	.  ; 	.  ; 	.  ; 	.  ; 	.  ; 	.  ; 	.  ; 	.  ; 	.  ; 	.  ; 	.  ; 	.  ; 	.  
50;DE2;09;BY;1;;;Bayern;  40 132  ;  41 185  ;  42 494  ;  43 306  ;  43 300  ;  43 474  ;  43 299  ;  44 219  ;  45 899  ;  48 672  ;  50 315  ;  51 565  ;  53 395  ;  55 484  ;  57 992  ;  60 666  ;  63 843  ;  67 122  ;  69 659  ;  73 407  ;  76 313  ;  79 602  ;  83 266  ;  88 405  
51;DE21;091;BY;;2;;Oberbayern, Regierungsbezirk;  14 498  ;  14 816  ;  15 189  ;  15 658  ;  15 634  ;  15 749  ;  15 699  ;  16 103  ;  17 015  ;  18 102  ;  18 885  ;  19 334  ;  19 952  ;  20 600  ;  21 675  ;  23 695  ;  24 001  ;  25 211  ;  26 219  ;  27 602  ;  28 679  ;  29 953  ;  31 319  ;  33 207  
52;DE211;09161;BY;;;3;Ingolstadt, Kreisfreie Stadt; 	.  ; 	.  ; 	.  ; 	.  ; 	.  ; 	.  ; 	.  ; 	.  ; 	.  ; 	.  ; 	.  ; 	.  ; 	.  ; 	.  ; 	.  ; 	.  ; 	.  ; 	.  ; 	.  ; 	.  ; 	.  ; 	.  ; 	.  ; 	.  
53;DE212;09162;BY;;;3;München, Landeshauptstadt, Kreisfreie Stadt; 	.  ; 	.  ; 	.  ; 	.  ; 	.  ; 	.  ; 	.  ; 	.  ; 	.  ; 	.  ; 	.  ; 	.  ; 	.  ; 	.  ; 	.  ; 	.  ; 	.  ; 	.  ; 	.  ; 	.  ; 	.  ; 	.  ; 	.  ; 	.  
54;DE213;09163;BY;;;3;Rosenheim, Kreisfreie Stadt; 	.  ; 	.  ; 	.  ; 	.  ; 	.  ; 	.  ; 	.  ; 	.  ; 	.  ; 	.  ; 	.  ; 	.  ; 	.  ; 	.  ; 	.  ; 	.  ; 	.  ; 	.  ; 	.  ; 	.  ; 	.  ; 	.  ; 	.  ; 	.  
55;DE214;09171;BY;;;3;Altötting, Landkreis; 	.  ; 	.  ; 	.  ; 	.  ; 	.  ; 	.  ; 	.  ; 	.  ; 	.  ; 	.  ; 	.  ; 	.  ; 	.  ; 	.  ; 	.  ; 	.  ; 	.  ; 	.  ; 	.  ; 	.  ; 	.  ; 	.  ; 	.  ; 	.  
56;DE215;09172;BY;;;3;Berchtesgadener Land, Landkreis; 	.  ; 	.  ; 	.  ; 	.  ; 	.  ; 	.  ; 	.  ; 	.  ; 	.  ; 	.  ; 	.  ; 	.  ; 	.  ; 	.  ; 	.  ; 	.  ; 	.  ; 	.  ; 	.  ; 	.  ; 	.  ; 	.  ; 	.  ; 	.  
57;DE216;09173;BY;;;3;Bad Tölz-Wolfratshausen, Landkreis; 	.  ; 	.  ; 	.  ; 	.  ; 	.  ; 	.  ; 	.  ; 	.  ; 	.  ; 	.  ; 	.  ; 	.  ; 	.  ; 	.  ; 	.  ; 	.  ; 	.  ; 	.  ; 	.  ; 	.  ; 	.  ; 	.  ; 	.  ; 	.  
58;DE217;09174;BY;;;3;Dachau, Landkreis; 	.  ; 	.  ; 	.  ; 	.  ; 	.  ; 	.  ; 	.  ; 	.  ; 	.  ; 	.  ; 	.  ; 	.  ; 	.  ; 	.  ; 	.  ; 	.  ; 	.  ; 	.  ; 	.  ; 	.  ; 	.  ; 	.  ; 	.  ; 	.  
59;DE218;09175;BY;;;3;Ebersberg, Landkreis; 	.  ; 	.  ; 	.  ; 	.  ; 	.  ; 	.  ; 	.  ; 	.  ; 	.  ; 	.  ; 	.  ; 	.  ; 	.  ; 	.  ; 	.  ; 	.  ; 	.  ; 	.  ; 	.  ; 	.  ; 	.  ; 	.  ; 	.  ; 	.  
60;DE219;09176;BY;;;3;Eichstätt, Landkreis; 	.  ; 	.  ; 	.  ; 	.  ; 	.  ; 	.  ; 	.  ; 	.  ; 	.  ; 	.  ; 	.  ; 	.  ; 	.  ; 	.  ; 	.  ; 	.  ; 	.  ; 	.  ; 	.  ; 	.  ; 	.  ; 	.  ; 	.  ; 	.  
61;DE21A;09177;BY;;;3;Erding, Landkreis; 	.  ; 	.  ; 	.  ; 	.  ; 	.  ; 	.  ; 	.  ; 	.  ; 	.  ; 	.  ; 	.  ; 	.  ; 	.  ; 	.  ; 	.  ; 	.  ; 	.  ; 	.  ; 	.  ; 	.  ; 	.  ; 	.  ; 	.  ; 	.  
62;DE21B;09178;BY;;;3;Freising, Landkreis; 	.  ; 	.  ; 	.  ; 	.  ; 	.  ; 	.  ; 	.  ; 	.  ; 	.  ; 	.  ; 	.  ; 	.  ; 	.  ; 	.  ; 	.  ; 	.  ; 	.  ; 	.  ; 	.  ; 	.  ; 	.  ; 	.  ; 	.  ; 	.  
63;DE21C;09179;BY;;;3;Fürstenfeldbruck, Landkreis; 	.  ; 	.  ; 	.  ; 	.  ; 	.  ; 	.  ; 	.  ; 	.  ; 	.  ; 	.  ; 	.  ; 	.  ; 	.  ; 	.  ; 	.  ; 	.  ; 	.  ; 	.  ; 	.  ; 	.  ; 	.  ; 	.  ; 	.  ; 	.  
64;DE21D;09180;BY;;;3;Garmisch-Partenkirchen, Landkreis; 	.  ; 	.  ; 	.  ; 	.  ; 	.  ; 	.  ; 	.  ; 	.  ; 	.  ; 	.  ; 	.  ; 	.  ; 	.  ; 	.  ; 	.  ; 	.  ; 	.  ; 	.  ; 	.  ; 	.  ; 	.  ; 	.  ; 	.  ; 	.  
65;DE21E;09181;BY;;;3;Landsberg am Lech, Landkreis; 	.  ; 	.  ; 	.  ; 	.  ; 	.  ; 	.  ; 	.  ; 	.  ; 	.  ; 	.  ; 	.  ; 	.  ; 	.  ; 	.  ; 	.  ; 	.  ; 	.  ; 	.  ; 	.  ; 	.  ; 	.  ; 	.  ; 	.  ; 	.  
66;DE21F;09182;BY;;;3;Miesbach, Landkreis; 	.  ; 	.  ; 	.  ; 	.  ; 	.  ; 	.  ; 	.  ; 	.  ; 	.  ; 	.  ; 	.  ; 	.  ; 	.  ; 	.  ; 	.  ; 	.  ; 	.  ; 	.  ; 	.  ; 	.  ; 	.  ; 	.  ; 	.  ; 	.  
67;DE21G;09183;BY;;;3;Mühldorf a.Inn, Landkreis; 	.  ; 	.  ; 	.  ; 	.  ; 	.  ; 	.  ; 	.  ; 	.  ; 	.  ; 	.  ; 	.  ; 	.  ; 	.  ; 	.  ; 	.  ; 	.  ; 	.  ; 	.  ; 	.  ; 	.  ; 	.  ; 	.  ; 	.  ; 	.  
68;DE21H;09184;BY;;;3;München, Landkreis; 	.  ; 	.  ; 	.  ; 	.  ; 	.  ; 	.  ; 	.  ; 	.  ; 	.  ; 	.  ; 	.  ; 	.  ; 	.  ; 	.  ; 	.  ; 	.  ; 	.  ; 	.  ; 	.  ; 	.  ; 	.  ; 	.  ; 	.  ; 	.  
69;DE21I;09185;BY;;;3;Neuburg-Schrobenhausen, Landkreis; 	.  ; 	.  ; 	.  ; 	.  ; 	.  ; 	.  ; 	.  ; 	.  ; 	.  ; 	.  ; 	.  ; 	.  ; 	.  ; 	.  ; 	.  ; 	.  ; 	.  ; 	.  ; 	.  ; 	.  ; 	.  ; 	.  ; 	.  ; 	.  
70;DE21J;09186;BY;;;3;Pfaffenhofen a.d.Ilm, Landkreis; 	.  ; 	.  ; 	.  ; 	.  ; 	.  ; 	.  ; 	.  ; 	.  ; 	.  ; 	.  ; 	.  ; 	.  ; 	.  ; 	.  ; 	.  ; 	.  ; 	.  ; 	.  ; 	.  ; 	.  ; 	.  ; 	.  ; 	.  ; 	.  
71;DE21K;09187;BY;;;3;Rosenheim, Landkreis; 	.  ; 	.  ; 	.  ; 	.  ; 	.  ; 	.  ; 	.  ; 	.  ; 	.  ; 	.  ; 	.  ; 	.  ; 	.  ; 	.  ; 	.  ; 	.  ; 	.  ; 	.  ; 	.  ; 	.  ; 	.  ; 	.  ; 	.  ; 	.  
72;DE21L;09188;BY;;;3;Starnberg, Landkreis; 	.  ; 	.  ; 	.  ; 	.  ; 	.  ; 	.  ; 	.  ; 	.  ; 	.  ; 	.  ; 	.  ; 	.  ; 	.  ; 	.  ; 	.  ; 	.  ; 	.  ; 	.  ; 	.  ; 	.  ; 	.  ; 	.  ; 	.  ; 	.  
73;DE21M;09189;BY;;;3;Traunstein, Landkreis; 	.  ; 	.  ; 	.  ; 	.  ; 	.  ; 	.  ; 	.  ; 	.  ; 	.  ; 	.  ; 	.  ; 	.  ; 	.  ; 	.  ; 	.  ; 	.  ; 	.  ; 	.  ; 	.  ; 	.  ; 	.  ; 	.  ; 	.  ; 	.  
74;DE21N;09190;BY;;;3;Weilheim-Schongau, Landkreis; 	.  ; 	.  ; 	.  ; 	.  ; 	.  ; 	.  ; 	.  ; 	.  ; 	.  ; 	.  ; 	.  ; 	.  ; 	.  ; 	.  ; 	.  ; 	.  ; 	.  ; 	.  ; 	.  ; 	.  ; 	.  ; 	.  ; 	.  ; 	.  
75;DE22;092;BY;;2;;Niederbayern, Regierungsbezirk;  3 550  ;  3 634  ;  3 839  ;  3 790  ;  3 792  ;  3 813  ;  3 773  ;  3 865  ;  3 936  ;  4 179  ;  4 298  ;  4 389  ;  4 548  ;  4 738  ;  4 959  ;  5 242  ;  5 524  ;  5 818  ;  5 998  ;  6 310  ;  6 567  ;  6 849  ;  7 182  ;  7 636  
76;DE221;09261;BY;;;3;Landshut, Kreisfreie Stadt; 	.  ; 	.  ; 	.  ; 	.  ; 	.  ; 	.  ; 	.  ; 	.  ; 	.  ; 	.  ; 	.  ; 	.  ; 	.  ; 	.  ; 	.  ; 	.  ; 	.  ; 	.  ; 	.  ; 	.  ; 	.  ; 	.  ; 	.  ; 	.  
77;DE222;09262;BY;;;3;Passau, Kreisfreie Stadt; 	.  ; 	.  ; 	.  ; 	.  ; 	.  ; 	.  ; 	.  ; 	.  ; 	.  ; 	.  ; 	.  ; 	.  ; 	.  ; 	.  ; 	.  ; 	.  ; 	.  ; 	.  ; 	.  ; 	.  ; 	.  ; 	.  ; 	.  ; 	.  
78;DE223;09263;BY;;;3;Straubing, Kreisfreie Stadt; 	.  ; 	.  ; 	.  ; 	.  ; 	.  ; 	.  ; 	.  ; 	.  ; 	.  ; 	.  ; 	.  ; 	.  ; 	.  ; 	.  ; 	.  ; 	.  ; 	.  ; 	.  ; 	.  ; 	.  ; 	.  ; 	.  ; 	.  ; 	.  
79;DE224;09271;BY;;;3;Deggendorf, Landkreis; 	.  ; 	.  ; 	.  ; 	.  ; 	.  ; 	.  ; 	.  ; 	.  ; 	.  ; 	.  ; 	.  ; 	.  ; 	.  ; 	.  ; 	.  ; 	.  ; 	.  ; 	.  ; 	.  ; 	.  ; 	.  ; 	.  ; 	.  ; 	.  
80;DE225;09272;BY;;;3;Freyung-Grafenau, Landkreis; 	.  ; 	.  ; 	.  ; 	.  ; 	.  ; 	.  ; 	.  ; 	.  ; 	.  ; 	.  ; 	.  ; 	.  ; 	.  ; 	.  ; 	.  ; 	.  ; 	.  ; 	.  ; 	.  ; 	.  ; 	.  ; 	.  ; 	.  ; 	.  
81;DE226;09273;BY;;;3;Kelheim, Landkreis; 	.  ; 	.  ; 	.  ; 	.  ; 	.  ; 	.  ; 	.  ; 	.  ; 	.  ; 	.  ; 	.  ; 	.  ; 	.  ; 	.  ; 	.  ; 	.  ; 	.  ; 	.  ; 	.  ; 	.  ; 	.  ; 	.  ; 	.  ; 	.  
82;DE227;09274;BY;;;3;Landshut, Landkreis; 	.  ; 	.  ; 	.  ; 	.  ; 	.  ; 	.  ; 	.  ; 	.  ; 	.  ; 	.  ; 	.  ; 	.  ; 	.  ; 	.  ; 	.  ; 	.  ; 	.  ; 	.  ; 	.  ; 	.  ; 	.  ; 	.  ; 	.  ; 	.  
83;DE228;09275;BY;;;3;Passau, Landkreis; 	.  ; 	.  ; 	.  ; 	.  ; 	.  ; 	.  ; 	.  ; 	.  ; 	.  ; 	.  ; 	.  ; 	.  ; 	.  ; 	.  ; 	.  ; 	.  ; 	.  ; 	.  ; 	.  ; 	.  ; 	.  ; 	.  ; 	.  ; 	.  
84;DE229;09276;BY;;;3;Regen, Landkreis; 	.  ; 	.  ; 	.  ; 	.  ; 	.  ; 	.  ; 	.  ; 	.  ; 	.  ; 	.  ; 	.  ; 	.  ; 	.  ; 	.  ; 	.  ; 	.  ; 	.  ; 	.  ; 	.  ; 	.  ; 	.  ; 	.  ; 	.  ; 	.  
85;DE22A;09277;BY;;;3;Rottal-Inn, Landkreis; 	.  ; 	.  ; 	.  ; 	.  ; 	.  ; 	.  ; 	.  ; 	.  ; 	.  ; 	.  ; 	.  ; 	.  ; 	.  ; 	.  ; 	.  ; 	.  ; 	.  ; 	.  ; 	.  ; 	.  ; 	.  ; 	.  ; 	.  ; 	.  
86;DE22B;09278;BY;;;3;Straubing-Bogen, Landkreis; 	.  ; 	.  ; 	.  ; 	.  ; 	.  ; 	.  ; 	.  ; 	.  ; 	.  ; 	.  ; 	.  ; 	.  ; 	.  ; 	.  ; 	.  ; 	.  ; 	.  ; 	.  ; 	.  ; 	.  ; 	.  ; 	.  ; 	.  ; 	.  
87;DE22C;09279;BY;;;3;Dingolfing-Landau, Landkreis; 	.  ; 	.  ; 	.  ; 	.  ; 	.  ; 	.  ; 	.  ; 	.  ; 	.  ; 	.  ; 	.  ; 	.  ; 	.  ; 	.  ; 	.  ; 	.  ; 	.  ; 	.  ; 	.  ; 	.  ; 	.  ; 	.  ; 	.  ; 	.  
88;DE23;093;BY;;2;;Oberpfalz, Regierungsbezirk;  3 584  ;  3 709  ;  3 930  ;  3 950  ;  3 954  ;  3 942  ;  3 926  ;  4 011  ;  4 028  ;  4 277  ;  4 342  ;  4 415  ;  4 586  ;  4 756  ;  4 979  ;  5 118  ;  5 540  ;  5 836  ;  6 065  ;  6 406  ;  6 652  ;  6 935  ;  7 248  ;  7 687  
89;DE231;09361;BY;;;3;Amberg, Kreisfreie Stadt; 	.  ; 	.  ; 	.  ; 	.  ; 	.  ; 	.  ; 	.  ; 	.  ; 	.  ; 	.  ; 	.  ; 	.  ; 	.  ; 	.  ; 	.  ; 	.  ; 	.  ; 	.  ; 	.  ; 	.  ; 	.  ; 	.  ; 	.  ; 	.  
90;DE232;09362;BY;;;3;Regensburg, Kreisfreie Stadt; 	.  ; 	.  ; 	.  ; 	.  ; 	.  ; 	.  ; 	.  ; 	.  ; 	.  ; 	.  ; 	.  ; 	.  ; 	.  ; 	.  ; 	.  ; 	.  ; 	.  ; 	.  ; 	.  ; 	.  ; 	.  ; 	.  ; 	.  ; 	.  
91;DE233;09363;BY;;;3;Weiden i.d.OPf., Kreisfreie Stadt; 	.  ; 	.  ; 	.  ; 	.  ; 	.  ; 	.  ; 	.  ; 	.  ; 	.  ; 	.  ; 	.  ; 	.  ; 	.  ; 	.  ; 	.  ; 	.  ; 	.  ; 	.  ; 	.  ; 	.  ; 	.  ; 	.  ; 	.  ; 	.  
92;DE234;09371;BY;;;3;Amberg-Sulzbach, Landkreis; 	.  ; 	.  ; 	.  ; 	.  ; 	.  ; 	.  ; 	.  ; 	.  ; 	.  ; 	.  ; 	.  ; 	.  ; 	.  ; 	.  ; 	.  ; 	.  ; 	.  ; 	.  ; 	.  ; 	.  ; 	.  ; 	.  ; 	.  ; 	.  
93;DE235;09372;BY;;;3;Cham, Landkreis; 	.  ; 	.  ; 	.  ; 	.  ; 	.  ; 	.  ; 	.  ; 	.  ; 	.  ; 	.  ; 	.  ; 	.  ; 	.  ; 	.  ; 	.  ; 	.  ; 	.  ; 	.  ; 	.  ; 	.  ; 	.  ; 	.  ; 	.  ; 	.  
94;DE236;09373;BY;;;3;Neumarkt i.d.OPf., Landkreis; 	.  ; 	.  ; 	.  ; 	.  ; 	.  ; 	.  ; 	.  ; 	.  ; 	.  ; 	.  ; 	.  ; 	.  ; 	.  ; 	.  ; 	.  ; 	.  ; 	.  ; 	.  ; 	.  ; 	.  ; 	.  ; 	.  ; 	.  ; 	.  
95;DE237;09374;BY;;;3;Neustadt a.d.Waldnaab, Landkreis; 	.  ; 	.  ; 	.  ; 	.  ; 	.  ; 	.  ; 	.  ; 	.  ; 	.  ; 	.  ; 	.  ; 	.  ; 	.  ; 	.  ; 	.  ; 	.  ; 	.  ; 	.  ; 	.  ; 	.  ; 	.  ; 	.  ; 	.  ; 	.  
96;DE238;09375;BY;;;3;Regensburg, Landkreis; 	.  ; 	.  ; 	.  ; 	.  ; 	.  ; 	.  ; 	.  ; 	.  ; 	.  ; 	.  ; 	.  ; 	.  ; 	.  ; 	.  ; 	.  ; 	.  ; 	.  ; 	.  ; 	.  ; 	.  ; 	.  ; 	.  ; 	.  ; 	.  
97;DE239;09376;BY;;;3;Schwandorf, Landkreis; 	.  ; 	.  ; 	.  ; 	.  ; 	.  ; 	.  ; 	.  ; 	.  ; 	.  ; 	.  ; 	.  ; 	.  ; 	.  ; 	.  ; 	.  ; 	.  ; 	.  ; 	.  ; 	.  ; 	.  ; 	.  ; 	.  ; 	.  ; 	.  
98;DE23A;09377;BY;;;3;Tirschenreuth, Landkreis; 	.  ; 	.  ; 	.  ; 	.  ; 	.  ; 	.  ; 	.  ; 	.  ; 	.  ; 	.  ; 	.  ; 	.  ; 	.  ; 	.  ; 	.  ; 	.  ; 	.  ; 	.  ; 	.  ; 	.  ; 	.  ; 	.  ; 	.  ; 	.  
99;DE24;094;BY;;2;;Oberfranken, Regierungsbezirk;  3 408  ;  3 516  ;  3 581  ;  3 613  ;  3 568  ;  3 618  ;  3 599  ;  3 658  ;  3 740  ;  3 929  ;  4 057  ;  4 190  ;  4 349  ;  4 558  ;  4 723  ;  4 701  ;  5 158  ;  5 471  ;  5 731  ;  6 029  ;  6 266  ;  6 488  ;  6 765  ;  7 148  
100;DE241;09461;BY;;;3;Bamberg, Kreisfreie Stadt; 	.  ; 	.  ; 	.  ; 	.  ; 	.  ; 	.  ; 	.  ; 	.  ; 	.  ; 	.  ; 	.  ; 	.  ; 	.  ; 	.  ; 	.  ; 	.  ; 	.  ; 	.  ; 	.  ; 	.  ; 	.  ; 	.  ; 	.  ; 	.  
101;DE242;09462;BY;;;3;Bayreuth, Kreisfreie Stadt; 	.  ; 	.  ; 	.  ; 	.  ; 	.  ; 	.  ; 	.  ; 	.  ; 	.  ; 	.  ; 	.  ; 	.  ; 	.  ; 	.  ; 	.  ; 	.  ; 	.  ; 	.  ; 	.  ; 	.  ; 	.  ; 	.  ; 	.  ; 	.  
102;DE243;09463;BY;;;3;Coburg, Kreisfreie Stadt; 	.  ; 	.  ; 	.  ; 	.  ; 	.  ; 	.  ; 	.  ; 	.  ; 	.  ; 	.  ; 	.  ; 	.  ; 	.  ; 	.  ; 	.  ; 	.  ; 	.  ; 	.  ; 	.  ; 	.  ; 	.  ; 	.  ; 	.  ; 	.  
103;DE244;09464;BY;;;3;Hof, Kreisfreie Stadt; 	.  ; 	.  ; 	.  ; 	.  ; 	.  ; 	.  ; 	.  ; 	.  ; 	.  ; 	.  ; 	.  ; 	.  ; 	.  ; 	.  ; 	.  ; 	.  ; 	.  ; 	.  ; 	.  ; 	.  ; 	.  ; 	.  ; 	.  ; 	.  
104;DE245;09471;BY;;;3;Bamberg, Landkreis; 	.  ; 	.  ; 	.  ; 	.  ; 	.  ; 	.  ; 	.  ; 	.  ; 	.  ; 	.  ; 	.  ; 	.  ; 	.  ; 	.  ; 	.  ; 	.  ; 	.  ; 	.  ; 	.  ; 	.  ; 	.  ; 	.  ; 	.  ; 	.  
105;DE246;09472;BY;;;3;Bayreuth, Landkreis; 	.  ; 	.  ; 	.  ; 	.  ; 	.  ; 	.  ; 	.  ; 	.  ; 	.  ; 	.  ; 	.  ; 	.  ; 	.  ; 	.  ; 	.  ; 	.  ; 	.  ; 	.  ; 	.  ; 	.  ; 	.  ; 	.  ; 	.  ; 	.  
106;DE247;09473;BY;;;3;Coburg, Landkreis; 	.  ; 	.  ; 	.  ; 	.  ; 	.  ; 	.  ; 	.  ; 	.  ; 	.  ; 	.  ; 	.  ; 	.  ; 	.  ; 	.  ; 	.  ; 	.  ; 	.  ; 	.  ; 	.  ; 	.  ; 	.  ; 	.  ; 	.  ; 	.  
107;DE248;09474;BY;;;3;Forchheim, Landkreis; 	.  ; 	.  ; 	.  ; 	.  ; 	.  ; 	.  ; 	.  ; 	.  ; 	.  ; 	.  ; 	.  ; 	.  ; 	.  ; 	.  ; 	.  ; 	.  ; 	.  ; 	.  ; 	.  ; 	.  ; 	.  ; 	.  ; 	.  ; 	.  
108;DE249;09475;BY;;;3;Hof, Landkreis; 	.  ; 	.  ; 	.  ; 	.  ; 	.  ; 	.  ; 	.  ; 	.  ; 	.  ; 	.  ; 	.  ; 	.  ; 	.  ; 	.  ; 	.  ; 	.  ; 	.  ; 	.  ; 	.  ; 	.  ; 	.  ; 	.  ; 	.  ; 	.  
109;DE24A;09476;BY;;;3;Kronach, Landkreis; 	.  ; 	.  ; 	.  ; 	.  ; 	.  ; 	.  ; 	.  ; 	.  ; 	.  ; 	.  ; 	.  ; 	.  ; 	.  ; 	.  ; 	.  ; 	.  ; 	.  ; 	.  ; 	.  ; 	.  ; 	.  ; 	.  ; 	.  ; 	.  
110;DE24B;09477;BY;;;3;Kulmbach, Landkreis; 	.  ; 	.  ; 	.  ; 	.  ; 	.  ; 	.  ; 	.  ; 	.  ; 	.  ; 	.  ; 	.  ; 	.  ; 	.  ; 	.  ; 	.  ; 	.  ; 	.  ; 	.  ; 	.  ; 	.  ; 	.  ; 	.  ; 	.  ; 	.  
111;DE24C;09478;BY;;;3;Lichtenfels, Landkreis; 	.  ; 	.  ; 	.  ; 	.  ; 	.  ; 	.  ; 	.  ; 	.  ; 	.  ; 	.  ; 	.  ; 	.  ; 	.  ; 	.  ; 	.  ; 	.  ; 	.  ; 	.  ; 	.  ; 	.  ; 	.  ; 	.  ; 	.  ; 	.  
112;DE24D;09479;BY;;;3;Wunsiedel i.Fichtelgebirge, Landkreis; 	.  ; 	.  ; 	.  ; 	.  ; 	.  ; 	.  ; 	.  ; 	.  ; 	.  ; 	.  ; 	.  ; 	.  ; 	.  ; 	.  ; 	.  ; 	.  ; 	.  ; 	.  ; 	.  ; 	.  ; 	.  ; 	.  ; 	.  ; 	.  
113;DE25;095;BY;;2;;Mittelfranken, Regierungsbezirk;  5 491  ;  5 654  ;  5 799  ;  5 951  ;  6 007  ;  5 986  ;  6 043  ;  6 145  ;  6 387  ;  6 789  ;  6 987  ;  7 195  ;  7 474  ;  7 909  ;  8 307  ;  8 189  ;  9 004  ;  9 399  ;  9 771  ;  10 305  ;  10 733  ;  11 192  ;  11 687  ;  12 396  
114;DE251;09561;BY;;;3;Ansbach, Kreisfreie Stadt; 	.  ; 	.  ; 	.  ; 	.  ; 	.  ; 	.  ; 	.  ; 	.  ; 	.  ; 	.  ; 	.  ; 	.  ; 	.  ; 	.  ; 	.  ; 	.  ; 	.  ; 	.  ; 	.  ; 	.  ; 	.  ; 	.  ; 	.  ; 	.  
115;DE252;09562;BY;;;3;Erlangen, Kreisfreie Stadt; 	.  ; 	.  ; 	.  ; 	.  ; 	.  ; 	.  ; 	.  ; 	.  ; 	.  ; 	.  ; 	.  ; 	.  ; 	.  ; 	.  ; 	.  ; 	.  ; 	.  ; 	.  ; 	.  ; 	.  ; 	.  ; 	.  ; 	.  ; 	.  
116;DE253;09563;BY;;;3;Fürth, Kreisfreie Stadt; 	.  ; 	.  ; 	.  ; 	.  ; 	.  ; 	.  ; 	.  ; 	.  ; 	.  ; 	.  ; 	.  ; 	.  ; 	.  ; 	.  ; 	.  ; 	.  ; 	.  ; 	.  ; 	.  ; 	.  ; 	.  ; 	.  ; 	.  ; 	.  
117;DE254;09564;BY;;;3;Nürnberg, Kreisfreie Stadt; 	.  ; 	.  ; 	.  ; 	.  ; 	.  ; 	.  ; 	.  ; 	.  ; 	.  ; 	.  ; 	.  ; 	.  ; 	.  ; 	.  ; 	.  ; 	.  ; 	.  ; 	.  ; 	.  ; 	.  ; 	.  ; 	.  ; 	.  ; 	.  
118;DE255;09565;BY;;;3;Schwabach, Kreisfreie Stadt; 	.  ; 	.  ; 	.  ; 	.  ; 	.  ; 	.  ; 	.  ; 	.  ; 	.  ; 	.  ; 	.  ; 	.  ; 	.  ; 	.  ; 	.  ; 	.  ; 	.  ; 	.  ; 	.  ; 	.  ; 	.  ; 	.  ; 	.  ; 	.  
119;DE256;09571;BY;;;3;Ansbach, Landkreis; 	.  ; 	.  ; 	.  ; 	.  ; 	.  ; 	.  ; 	.  ; 	.  ; 	.  ; 	.  ; 	.  ; 	.  ; 	.  ; 	.  ; 	.  ; 	.  ; 	.  ; 	.  ; 	.  ; 	.  ; 	.  ; 	.  ; 	.  ; 	.  
120;DE257;09572;BY;;;3;Erlangen-Höchstadt, Landkreis; 	.  ; 	.  ; 	.  ; 	.  ; 	.  ; 	.  ; 	.  ; 	.  ; 	.  ; 	.  ; 	.  ; 	.  ; 	.  ; 	.  ; 	.  ; 	.  ; 	.  ; 	.  ; 	.  ; 	.  ; 	.  ; 	.  ; 	.  ; 	.  
121;DE258;09573;BY;;;3;Fürth, Landkreis; 	.  ; 	.  ; 	.  ; 	.  ; 	.  ; 	.  ; 	.  ; 	.  ; 	.  ; 	.  ; 	.  ; 	.  ; 	.  ; 	.  ; 	.  ; 	.  ; 	.  ; 	.  ; 	.  ; 	.  ; 	.  ; 	.  ; 	.  ; 	.  
122;DE259;09574;BY;;;3;Nürnberger Land, Landkreis; 	.  ; 	.  ; 	.  ; 	.  ; 	.  ; 	.  ; 	.  ; 	.  ; 	.  ; 	.  ; 	.  ; 	.  ; 	.  ; 	.  ; 	.  ; 	.  ; 	.  ; 	.  ; 	.  ; 	.  ; 	.  ; 	.  ; 	.  ; 	.  
123;DE25A;09575;BY;;;3;Neustadt a.d.Aisch-Bad Windsheim, Landkreis; 	.  ; 	.  ; 	.  ; 	.  ; 	.  ; 	.  ; 	.  ; 	.  ; 	.  ; 	.  ; 	.  ; 	.  ; 	.  ; 	.  ; 	.  ; 	.  ; 	.  ; 	.  ; 	.  ; 	.  ; 	.  ; 	.  ; 	.  ; 	.  
124;DE25B;09576;BY;;;3;Roth, Landkreis; 	.  ; 	.  ; 	.  ; 	.  ; 	.  ; 	.  ; 	.  ; 	.  ; 	.  ; 	.  ; 	.  ; 	.  ; 	.  ; 	.  ; 	.  ; 	.  ; 	.  ; 	.  ; 	.  ; 	.  ; 	.  ; 	.  ; 	.  ; 	.  
125;DE25C;09577;BY;;;3;Weißenburg-Gunzenhausen, Landkreis; 	.  ; 	.  ; 	.  ; 	.  ; 	.  ; 	.  ; 	.  ; 	.  ; 	.  ; 	.  ; 	.  ; 	.  ; 	.  ; 	.  ; 	.  ; 	.  ; 	.  ; 	.  ; 	.  ; 	.  ; 	.  ; 	.  ; 	.  ; 	.  
126;DE26;096;BY;;2;;Unterfranken, Regierungsbezirk;  4 304  ;  4 449  ;  4 564  ;  4 673  ;  4 669  ;  4 663  ;  4 635  ;  4 699  ;  4 868  ;  5 149  ;  5 322  ;  5 467  ;  5 678  ;  5 890  ;  6 085  ;  6 257  ;  6 685  ;  7 015  ;  7 197  ;  7 578  ;  7 835  ;  8 147  ;  8 542  ;  9 098  
127;DE261;09661;BY;;;3;Aschaffenburg, Kreisfreie Stadt; 	.  ; 	.  ; 	.  ; 	.  ; 	.  ; 	.  ; 	.  ; 	.  ; 	.  ; 	.  ; 	.  ; 	.  ; 	.  ; 	.  ; 	.  ; 	.  ; 	.  ; 	.  ; 	.  ; 	.  ; 	.  ; 	.  ; 	.  ; 	.  
128;DE262;09662;BY;;;3;Schweinfurt, Kreisfreie Stadt; 	.  ; 	.  ; 	.  ; 	.  ; 	.  ; 	.  ; 	.  ; 	.  ; 	.  ; 	.  ; 	.  ; 	.  ; 	.  ; 	.  ; 	.  ; 	.  ; 	.  ; 	.  ; 	.  ; 	.  ; 	.  ; 	.  ; 	.  ; 	.  
129;DE263;09663;BY;;;3;Würzburg, Kreisfreie Stadt; 	.  ; 	.  ; 	.  ; 	.  ; 	.  ; 	.  ; 	.  ; 	.  ; 	.  ; 	.  ; 	.  ; 	.  ; 	.  ; 	.  ; 	.  ; 	.  ; 	.  ; 	.  ; 	.  ; 	.  ; 	.  ; 	.  ; 	.  ; 	.  
130;DE264;09671;BY;;;3;Aschaffenburg, Landkreis; 	.  ; 	.  ; 	.  ; 	.  ; 	.  ; 	.  ; 	.  ; 	.  ; 	.  ; 	.  ; 	.  ; 	.  ; 	.  ; 	.  ; 	.  ; 	.  ; 	.  ; 	.  ; 	.  ; 	.  ; 	.  ; 	.  ; 	.  ; 	.  
131;DE265;09672;BY;;;3;Bad Kissingen, Landkreis; 	.  ; 	.  ; 	.  ; 	.  ; 	.  ; 	.  ; 	.  ; 	.  ; 	.  ; 	.  ; 	.  ; 	.  ; 	.  ; 	.  ; 	.  ; 	.  ; 	.  ; 	.  ; 	.  ; 	.  ; 	.  ; 	.  ; 	.  ; 	.  
132;DE266;09673;BY;;;3;Rhön-Grabfeld, Landkreis; 	.  ; 	.  ; 	.  ; 	.  ; 	.  ; 	.  ; 	.  ; 	.  ; 	.  ; 	.  ; 	.  ; 	.  ; 	.  ; 	.  ; 	.  ; 	.  ; 	.  ; 	.  ; 	.  ; 	.  ; 	.  ; 	.  ; 	.  ; 	.  
133;DE267;09674;BY;;;3;Haßberge, Landkreis; 	.  ; 	.  ; 	.  ; 	.  ; 	.  ; 	.  ; 	.  ; 	.  ; 	.  ; 	.  ; 	.  ; 	.  ; 	.  ; 	.  ; 	.  ; 	.  ; 	.  ; 	.  ; 	.  ; 	.  ; 	.  ; 	.  ; 	.  ; 	.  
134;DE268;09675;BY;;;3;Kitzingen, Landkreis; 	.  ; 	.  ; 	.  ; 	.  ; 	.  ; 	.  ; 	.  ; 	.  ; 	.  ; 	.  ; 	.  ; 	.  ; 	.  ; 	.  ; 	.  ; 	.  ; 	.  ; 	.  ; 	.  ; 	.  ; 	.  ; 	.  ; 	.  ; 	.  
135;DE269;09676;BY;;;3;Miltenberg, Landkreis; 	.  ; 	.  ; 	.  ; 	.  ; 	.  ; 	.  ; 	.  ; 	.  ; 	.  ; 	.  ; 	.  ; 	.  ; 	.  ; 	.  ; 	.  ; 	.  ; 	.  ; 	.  ; 	.  ; 	.  ; 	.  ; 	.  ; 	.  ; 	.  
136;DE26A;09677;BY;;;3;Main-Spessart, Landkreis; 	.  ; 	.  ; 	.  ; 	.  ; 	.  ; 	.  ; 	.  ; 	.  ; 	.  ; 	.  ; 	.  ; 	.  ; 	.  ; 	.  ; 	.  ; 	.  ; 	.  ; 	.  ; 	.  ; 	.  ; 	.  ; 	.  ; 	.  ; 	.  
137;DE26B;09678;BY;;;3;Schweinfurt, Landkreis; 	.  ; 	.  ; 	.  ; 	.  ; 	.  ; 	.  ; 	.  ; 	.  ; 	.  ; 	.  ; 	.  ; 	.  ; 	.  ; 	.  ; 	.  ; 	.  ; 	.  ; 	.  ; 	.  ; 	.  ; 	.  ; 	.  ; 	.  ; 	.  
138;DE26C;09679;BY;;;3;Würzburg, Landkreis; 	.  ; 	.  ; 	.  ; 	.  ; 	.  ; 	.  ; 	.  ; 	.  ; 	.  ; 	.  ; 	.  ; 	.  ; 	.  ; 	.  ; 	.  ; 	.  ; 	.  ; 	.  ; 	.  ; 	.  ; 	.  ; 	.  ; 	.  ; 	.  
139;DE27;097;BY;;2;;Schwaben, Regierungsbezirk;  5 297  ;  5 406  ;  5 591  ;  5 671  ;  5 675  ;  5 704  ;  5 624  ;  5 740  ;  5 924  ;  6 247  ;  6 423  ;  6 575  ;  6 809  ;  7 033  ;  7 264  ;  7 465  ;  7 930  ;  8 372  ;  8 678  ;  9 175  ;  9 581  ;  10 038  ;  10 522  ;  11 232  
140;DE271;09761;BY;;;3;Augsburg, Kreisfreie Stadt; 	.  ; 	.  ; 	.  ; 	.  ; 	.  ; 	.  ; 	.  ; 	.  ; 	.  ; 	.  ; 	.  ; 	.  ; 	.  ; 	.  ; 	.  ; 	.  ; 	.  ; 	.  ; 	.  ; 	.  ; 	.  ; 	.  ; 	.  ; 	.  
141;DE272;09762;BY;;;3;Kaufbeuren, Kreisfreie Stadt; 	.  ; 	.  ; 	.  ; 	.  ; 	.  ; 	.  ; 	.  ; 	.  ; 	.  ; 	.  ; 	.  ; 	.  ; 	.  ; 	.  ; 	.  ; 	.  ; 	.  ; 	.  ; 	.  ; 	.  ; 	.  ; 	.  ; 	.  ; 	.  
142;DE273;09763;BY;;;3;Kempten (Allgäu), Kreisfreie Stadt; 	.  ; 	.  ; 	.  ; 	.  ; 	.  ; 	.  ; 	.  ; 	.  ; 	.  ; 	.  ; 	.  ; 	.  ; 	.  ; 	.  ; 	.  ; 	.  ; 	.  ; 	.  ; 	.  ; 	.  ; 	.  ; 	.  ; 	.  ; 	.  
143;DE274;09764;BY;;;3;Memmingen, Kreisfreie Stadt; 	.  ; 	.  ; 	.  ; 	.  ; 	.  ; 	.  ; 	.  ; 	.  ; 	.  ; 	.  ; 	.  ; 	.  ; 	.  ; 	.  ; 	.  ; 	.  ; 	.  ; 	.  ; 	.  ; 	.  ; 	.  ; 	.  ; 	.  ; 	.  
144;DE275;09771;BY;;;3;Aichach-Friedberg, Landkreis; 	.  ; 	.  ; 	.  ; 	.  ; 	.  ; 	.  ; 	.  ; 	.  ; 	.  ; 	.  ; 	.  ; 	.  ; 	.  ; 	.  ; 	.  ; 	.  ; 	.  ; 	.  ; 	.  ; 	.  ; 	.  ; 	.  ; 	.  ; 	.  
145;DE276;09772;BY;;;3;Augsburg, Landkreis; 	.  ; 	.  ; 	.  ; 	.  ; 	.  ; 	.  ; 	.  ; 	.  ; 	.  ; 	.  ; 	.  ; 	.  ; 	.  ; 	.  ; 	.  ; 	.  ; 	.  ; 	.  ; 	.  ; 	.  ; 	.  ; 	.  ; 	.  ; 	.  
146;DE277;09773;BY;;;3;Dillingen a.d.Donau, Landkreis; 	.  ; 	.  ; 	.  ; 	.  ; 	.  ; 	.  ; 	.  ; 	.  ; 	.  ; 	.  ; 	.  ; 	.  ; 	.  ; 	.  ; 	.  ; 	.  ; 	.  ; 	.  ; 	.  ; 	.  ; 	.  ; 	.  ; 	.  ; 	.  
147;DE278;09774;BY;;;3;Günzburg, Landkreis; 	.  ; 	.  ; 	.  ; 	.  ; 	.  ; 	.  ; 	.  ; 	.  ; 	.  ; 	.  ; 	.  ; 	.  ; 	.  ; 	.  ; 	.  ; 	.  ; 	.  ; 	.  ; 	.  ; 	.  ; 	.  ; 	.  ; 	.  ; 	.  
148;DE279;09775;BY;;;3;Neu-Ulm, Landkreis; 	.  ; 	.  ; 	.  ; 	.  ; 	.  ; 	.  ; 	.  ; 	.  ; 	.  ; 	.  ; 	.  ; 	.  ; 	.  ; 	.  ; 	.  ; 	.  ; 	.  ; 	.  ; 	.  ; 	.  ; 	.  ; 	.  ; 	.  ; 	.  
149;DE27A;09776;BY;;;3;Lindau (Bodensee), Landkreis; 	.  ; 	.  ; 	.  ; 	.  ; 	.  ; 	.  ; 	.  ; 	.  ; 	.  ; 	.  ; 	.  ; 	.  ; 	.  ; 	.  ; 	.  ; 	.  ; 	.  ; 	.  ; 	.  ; 	.  ; 	.  ; 	.  ; 	.  ; 	.  
150;DE27B;09777;BY;;;3;Ostallgäu, Landkreis; 	.  ; 	.  ; 	.  ; 	.  ; 	.  ; 	.  ; 	.  ; 	.  ; 	.  ; 	.  ; 	.  ; 	.  ; 	.  ; 	.  ; 	.  ; 	.  ; 	.  ; 	.  ; 	.  ; 	.  ; 	.  ; 	.  ; 	.  ; 	.  
151;DE27C;09778;BY;;;3;Unterallgäu, Landkreis; 	.  ; 	.  ; 	.  ; 	.  ; 	.  ; 	.  ; 	.  ; 	.  ; 	.  ; 	.  ; 	.  ; 	.  ; 	.  ; 	.  ; 	.  ; 	.  ; 	.  ; 	.  ; 	.  ; 	.  ; 	.  ; 	.  ; 	.  ; 	.  
152;DE27D;09779;BY;;;3;Donau-Ries, Landkreis; 	.  ; 	.  ; 	.  ; 	.  ; 	.  ; 	.  ; 	.  ; 	.  ; 	.  ; 	.  ; 	.  ; 	.  ; 	.  ; 	.  ; 	.  ; 	.  ; 	.  ; 	.  ; 	.  ; 	.  ; 	.  ; 	.  ; 	.  ; 	.  
153;DE27E;09780;BY;;;3;Oberallgäu, Landkreis; 	.  ; 	.  ; 	.  ; 	.  ; 	.  ; 	.  ; 	.  ; 	.  ; 	.  ; 	.  ; 	.  ; 	.  ; 	.  ; 	.  ; 	.  ; 	.  ; 	.  ; 	.  ; 	.  ; 	.  ; 	.  ; 	.  ; 	.  ; 	.  
154;DE3;11;BE;1;2;3;Berlin;  15 392  ;  15 578  ;  15 860  ;  15 588  ;  15 393  ;  15 377  ;  15 384  ;  15 585  ;  16 096  ;  16 806  ;  17 584  ;  18 208  ;  18 649  ;  19 547  ;  20 498  ;  21 820  ;  23 117  ;  24 548  ;  26 006  ;  27 800  ;  29 511  ;  31 313  ;  32 596  ;  34 703  
155;DE4;12;BB;1;2;;Brandenburg;  8 219  ;  8 514  ;  8 801  ;  8 797  ;  8 832  ;  8 757  ;  8 764  ;  8 794  ;  9 156  ;  9 540  ;  9 662  ;  9 737  ;  9 845  ;  10 150  ;  10 587  ;  11 027  ;  11 571  ;  12 222  ;  12 819  ;  13 516  ;  14 280  ;  14 973  ;  15 776  ;  16 918  
156;DE401;12051;BB;;;3;Brandenburg an der Havel, Kreisfreie Stadt; 	.  ; 	.  ; 	.  ; 	.  ; 	.  ; 	.  ; 	.  ; 	.  ; 	.  ; 	.  ; 	.  ; 	.  ; 	.  ; 	.  ; 	.  ; 	.  ; 	.  ; 	.  ; 	.  ; 	.  ; 	.  ; 	.  ; 	.  ; 	.  
157;DE402;12052;BB;;;3;Cottbus, Kreisfreie Stadt; 	.  ; 	.  ; 	.  ; 	.  ; 	.  ; 	.  ; 	.  ; 	.  ; 	.  ; 	.  ; 	.  ; 	.  ; 	.  ; 	.  ; 	.  ; 	.  ; 	.  ; 	.  ; 	.  ; 	.  ; 	.  ; 	.  ; 	.  ; 	.  
158;DE403;12053;BB;;;3;Frankfurt (Oder), Kreisfreie Stadt; 	.  ; 	.  ; 	.  ; 	.  ; 	.  ; 	.  ; 	.  ; 	.  ; 	.  ; 	.  ; 	.  ; 	.  ; 	.  ; 	.  ; 	.  ; 	.  ; 	.  ; 	.  ; 	.  ; 	.  ; 	.  ; 	.  ; 	.  ; 	.  
159;DE404;12054;BB;;;3;Potsdam, Kreisfreie Stadt; 	.  ; 	.  ; 	.  ; 	.  ; 	.  ; 	.  ; 	.  ; 	.  ; 	.  ; 	.  ; 	.  ; 	.  ; 	.  ; 	.  ; 	.  ; 	.  ; 	.  ; 	.  ; 	.  ; 	.  ; 	.  ; 	.  ; 	.  ; 	.  
160;DE405;12060;BB;;;3;Barnim, Landkreis; 	.  ; 	.  ; 	.  ; 	.  ; 	.  ; 	.  ; 	.  ; 	.  ; 	.  ; 	.  ; 	.  ; 	.  ; 	.  ; 	.  ; 	.  ; 	.  ; 	.  ; 	.  ; 	.  ; 	.  ; 	.  ; 	.  ; 	.  ; 	.  
161;DE406;12061;BB;;;3;Dahme-Spreewald, Landkreis; 	.  ; 	.  ; 	.  ; 	.  ; 	.  ; 	.  ; 	.  ; 	.  ; 	.  ; 	.  ; 	.  ; 	.  ; 	.  ; 	.  ; 	.  ; 	.  ; 	.  ; 	.  ; 	.  ; 	.  ; 	.  ; 	.  ; 	.  ; 	.  
162;DE407;12062;BB;;;3;Elbe-Elster, Landkreis; 	.  ; 	.  ; 	.  ; 	.  ; 	.  ; 	.  ; 	.  ; 	.  ; 	.  ; 	.  ; 	.  ; 	.  ; 	.  ; 	.  ; 	.  ; 	.  ; 	.  ; 	.  ; 	.  ; 	.  ; 	.  ; 	.  ; 	.  ; 	.  
163;DE408;12063;BB;;;3;Havelland, Landkreis; 	.  ; 	.  ; 	.  ; 	.  ; 	.  ; 	.  ; 	.  ; 	.  ; 	.  ; 	.  ; 	.  ; 	.  ; 	.  ; 	.  ; 	.  ; 	.  ; 	.  ; 	.  ; 	.  ; 	.  ; 	.  ; 	.  ; 	.  ; 	.  
164;DE409;12064;BB;;;3;Märkisch-Oderland, Landkreis; 	.  ; 	.  ; 	.  ; 	.  ; 	.  ; 	.  ; 	.  ; 	.  ; 	.  ; 	.  ; 	.  ; 	.  ; 	.  ; 	.  ; 	.  ; 	.  ; 	.  ; 	.  ; 	.  ; 	.  ; 	.  ; 	.  ; 	.  ; 	.  
165;DE40A;12065;BB;;;3;Oberhavel, Landkreis; 	.  ; 	.  ; 	.  ; 	.  ; 	.  ; 	.  ; 	.  ; 	.  ; 	.  ; 	.  ; 	.  ; 	.  ; 	.  ; 	.  ; 	.  ; 	.  ; 	.  ; 	.  ; 	.  ; 	.  ; 	.  ; 	.  ; 	.  ; 	.  
166;DE40B;12066;BB;;;3;Oberspreewald-Lausitz, Landkreis; 	.  ; 	.  ; 	.  ; 	.  ; 	.  ; 	.  ; 	.  ; 	.  ; 	.  ; 	.  ; 	.  ; 	.  ; 	.  ; 	.  ; 	.  ; 	.  ; 	.  ; 	.  ; 	.  ; 	.  ; 	.  ; 	.  ; 	.  ; 	.  
167;DE40C;12067;BB;;;3;Oder-Spree, Landkreis; 	.  ; 	.  ; 	.  ; 	.  ; 	.  ; 	.  ; 	.  ; 	.  ; 	.  ; 	.  ; 	.  ; 	.  ; 	.  ; 	.  ; 	.  ; 	.  ; 	.  ; 	.  ; 	.  ; 	.  ; 	.  ; 	.  ; 	.  ; 	.  
168;DE40D;12068;BB;;;3;Ostprignitz-Ruppin, Landkreis; 	.  ; 	.  ; 	.  ; 	.  ; 	.  ; 	.  ; 	.  ; 	.  ; 	.  ; 	.  ; 	.  ; 	.  ; 	.  ; 	.  ; 	.  ; 	.  ; 	.  ; 	.  ; 	.  ; 	.  ; 	.  ; 	.  ; 	.  ; 	.  
169;DE40E;12069;BB;;;3;Potsdam-Mittelmark, Landkreis; 	.  ; 	.  ; 	.  ; 	.  ; 	.  ; 	.  ; 	.  ; 	.  ; 	.  ; 	.  ; 	.  ; 	.  ; 	.  ; 	.  ; 	.  ; 	.  ; 	.  ; 	.  ; 	.  ; 	.  ; 	.  ; 	.  ; 	.  ; 	.  
170;DE40F;12070;BB;;;3;Prignitz, Landkreis; 	.  ; 	.  ; 	.  ; 	.  ; 	.  ; 	.  ; 	.  ; 	.  ; 	.  ; 	.  ; 	.  ; 	.  ; 	.  ; 	.  ; 	.  ; 	.  ; 	.  ; 	.  ; 	.  ; 	.  ; 	.  ; 	.  ; 	.  ; 	.  
171;DE40G;12071;BB;;;3;Spree-Neiße, Landkreis; 	.  ; 	.  ; 	.  ; 	.  ; 	.  ; 	.  ; 	.  ; 	.  ; 	.  ; 	.  ; 	.  ; 	.  ; 	.  ; 	.  ; 	.  ; 	.  ; 	.  ; 	.  ; 	.  ; 	.  ; 	.  ; 	.  ; 	.  ; 	.  
172;DE40H;12072;BB;;;3;Teltow-Fläming, Landkreis; 	.  ; 	.  ; 	.  ; 	.  ; 	.  ; 	.  ; 	.  ; 	.  ; 	.  ; 	.  ; 	.  ; 	.  ; 	.  ; 	.  ; 	.  ; 	.  ; 	.  ; 	.  ; 	.  ; 	.  ; 	.  ; 	.  ; 	.  ; 	.  
173;DE40I;12073;BB;;;3;Uckermark, Landkreis; 	.  ; 	.  ; 	.  ; 	.  ; 	.  ; 	.  ; 	.  ; 	.  ; 	.  ; 	.  ; 	.  ; 	.  ; 	.  ; 	.  ; 	.  ; 	.  ; 	.  ; 	.  ; 	.  ; 	.  ; 	.  ; 	.  ; 	.  ; 	.  
174;DE5;04;HB;1;2;;Bremen;  2 721  ;  2 775  ;  2 867  ;  2 936  ;  2 915  ;  2 972  ;  3 029  ;  3 090  ;  3 139  ;  3 293  ;  3 438  ;  3 527  ;  3 647  ;  3 698  ;  3 824  ;  3 935  ;  4 130  ;  4 369  ;  4 515  ;  4 794  ;  5 018  ;  5 244  ;  5 419  ;  5 676  
175;DE501;04011;HB;;;3;Bremen, Kreisfreie Stadt; 	.  ; 	.  ; 	.  ; 	.  ; 	.  ; 	.  ; 	.  ; 	.  ; 	.  ; 	.  ; 	.  ; 	.  ; 	.  ; 	.  ; 	.  ; 	.  ; 	.  ; 	.  ; 	.  ; 	.  ; 	.  ; 	.  ; 	.  ; 	.  
176;DE502;04012;HB;;;3;Bremerhaven, Kreisfreie Stadt; 	.  ; 	.  ; 	.  ; 	.  ; 	.  ; 	.  ; 	.  ; 	.  ; 	.  ; 	.  ; 	.  ; 	.  ; 	.  ; 	.  ; 	.  ; 	.  ; 	.  ; 	.  ; 	.  ; 	.  ; 	.  ; 	.  ; 	.  ; 	.  
177;DE6;02;HH;1;2;3;Hamburg;  7 027  ;  7 160  ;  7 331  ;  7 374  ;  7 341  ;  7 625  ;  7 630  ;  7 760  ;  7 988  ;  8 557  ;  8 947  ;  9 205  ;  9 660  ;  10 184  ;  10 634  ;  11 204  ;  11 672  ;  12 240  ;  12 901  ;  13 737  ;  14 364  ;  15 181  ;  15 955  ;  16 739  
178;DE7;06;HE;1;;;Hessen;  19 663  ;  20 105  ;  20 550  ;  20 899  ;  20 914  ;  20 383  ;  20 630  ;  20 984  ;  21 931  ;  23 212  ;  24 028  ;  24 820  ;  26 039  ;  27 083  ;  27 933  ;  28 915  ;  30 251  ;  31 630  ;  33 302  ;  35 173  ;  36 633  ;  38 292  ;  39 825  ;  42 745  
179;DE71;064;HE;;2;;Darmstadt, Regierungsbezirk;  11 331  ;  11 761  ;  11 913  ;  12 193  ;  12 292  ;  12 100  ;  12 280  ;  12 524  ;  13 037  ;  13 798  ;  14 317  ;  14 874  ;  15 647  ;  16 316  ;  16 984  ;  17 615  ;  18 506  ;  19 360  ;  20 381  ;  21 574  ;  22 494  ;  23 530  ;  24 451  ;  26 262  
180;DE711;06411;HE;;;3;Darmstadt, Wissenschaftsstadt, Kreisfreie Stadt; 	.  ; 	.  ; 	.  ; 	.  ; 	.  ; 	.  ; 	.  ; 	.  ; 	.  ; 	.  ; 	.  ; 	.  ; 	.  ; 	.  ; 	.  ; 	.  ; 	.  ; 	.  ; 	.  ; 	.  ; 	.  ; 	.  ; 	.  ; 	.  
181;DE712;06412;HE;;;3;Frankfurt am Main, Kreisfreie Stadt; 	.  ; 	.  ; 	.  ; 	.  ; 	.  ; 	.  ; 	.  ; 	.  ; 	.  ; 	.  ; 	.  ; 	.  ; 	.  ; 	.  ; 	.  ; 	.  ; 	.  ; 	.  ; 	.  ; 	.  ; 	.  ; 	.  ; 	.  ; 	.  
182;DE713;06413;HE;;;3;Offenbach am Main, Kreisfreie Stadt; 	.  ; 	.  ; 	.  ; 	.  ; 	.  ; 	.  ; 	.  ; 	.  ; 	.  ; 	.  ; 	.  ; 	.  ; 	.  ; 	.  ; 	.  ; 	.  ; 	.  ; 	.  ; 	.  ; 	.  ; 	.  ; 	.  ; 	.  ; 	.  
183;DE714;06414;HE;;;3;Wiesbaden, Landeshauptstadt, Kreisfreie Stadt; 	.  ; 	.  ; 	.  ; 	.  ; 	.  ; 	.  ; 	.  ; 	.  ; 	.  ; 	.  ; 	.  ; 	.  ; 	.  ; 	.  ; 	.  ; 	.  ; 	.  ; 	.  ; 	.  ; 	.  ; 	.  ; 	.  ; 	.  ; 	.  
184;DE715;06431;HE;;;3;Bergstraße, Landkreis; 	.  ; 	.  ; 	.  ; 	.  ; 	.  ; 	.  ; 	.  ; 	.  ; 	.  ; 	.  ; 	.  ; 	.  ; 	.  ; 	.  ; 	.  ; 	.  ; 	.  ; 	.  ; 	.  ; 	.  ; 	.  ; 	.  ; 	.  ; 	.  
185;DE716;06432;HE;;;3;Darmstadt-Dieburg, Landkreis; 	.  ; 	.  ; 	.  ; 	.  ; 	.  ; 	.  ; 	.  ; 	.  ; 	.  ; 	.  ; 	.  ; 	.  ; 	.  ; 	.  ; 	.  ; 	.  ; 	.  ; 	.  ; 	.  ; 	.  ; 	.  ; 	.  ; 	.  ; 	.  
186;DE717;06433;HE;;;3;Groß-Gerau, Landkreis; 	.  ; 	.  ; 	.  ; 	.  ; 	.  ; 	.  ; 	.  ; 	.  ; 	.  ; 	.  ; 	.  ; 	.  ; 	.  ; 	.  ; 	.  ; 	.  ; 	.  ; 	.  ; 	.  ; 	.  ; 	.  ; 	.  ; 	.  ; 	.  
187;DE718;06434;HE;;;3;Hochtaunuskreis; 	.  ; 	.  ; 	.  ; 	.  ; 	.  ; 	.  ; 	.  ; 	.  ; 	.  ; 	.  ; 	.  ; 	.  ; 	.  ; 	.  ; 	.  ; 	.  ; 	.  ; 	.  ; 	.  ; 	.  ; 	.  ; 	.  ; 	.  ; 	.  
188;DE719;06435;HE;;;3;Main-Kinzig-Kreis; 	.  ; 	.  ; 	.  ; 	.  ; 	.  ; 	.  ; 	.  ; 	.  ; 	.  ; 	.  ; 	.  ; 	.  ; 	.  ; 	.  ; 	.  ; 	.  ; 	.  ; 	.  ; 	.  ; 	.  ; 	.  ; 	.  ; 	.  ; 	.  
189;DE71A;06436;HE;;;3;Main-Taunus-Kreis; 	.  ; 	.  ; 	.  ; 	.  ; 	.  ; 	.  ; 	.  ; 	.  ; 	.  ; 	.  ; 	.  ; 	.  ; 	.  ; 	.  ; 	.  ; 	.  ; 	.  ; 	.  ; 	.  ; 	.  ; 	.  ; 	.  ; 	.  ; 	.  
190;DE71B;06437;HE;;;3;Odenwaldkreis; 	.  ; 	.  ; 	.  ; 	.  ; 	.  ; 	.  ; 	.  ; 	.  ; 	.  ; 	.  ; 	.  ; 	.  ; 	.  ; 	.  ; 	.  ; 	.  ; 	.  ; 	.  ; 	.  ; 	.  ; 	.  ; 	.  ; 	.  ; 	.  
191;DE71C;06438;HE;;;3;Offenbach, Landkreis; 	.  ; 	.  ; 	.  ; 	.  ; 	.  ; 	.  ; 	.  ; 	.  ; 	.  ; 	.  ; 	.  ; 	.  ; 	.  ; 	.  ; 	.  ; 	.  ; 	.  ; 	.  ; 	.  ; 	.  ; 	.  ; 	.  ; 	.  ; 	.  
192;DE71D;06439;HE;;;3;Rheingau-Taunus-Kreis; 	.  ; 	.  ; 	.  ; 	.  ; 	.  ; 	.  ; 	.  ; 	.  ; 	.  ; 	.  ; 	.  ; 	.  ; 	.  ; 	.  ; 	.  ; 	.  ; 	.  ; 	.  ; 	.  ; 	.  ; 	.  ; 	.  ; 	.  ; 	.  
193;DE71E;06440;HE;;;3;Wetteraukreis; 	.  ; 	.  ; 	.  ; 	.  ; 	.  ; 	.  ; 	.  ; 	.  ; 	.  ; 	.  ; 	.  ; 	.  ; 	.  ; 	.  ; 	.  ; 	.  ; 	.  ; 	.  ; 	.  ; 	.  ; 	.  ; 	.  ; 	.  ; 	.  
194;DE72;065;HE;;2;;Gießen, Regierungsbezirk;  3 882  ;  3 736  ;  3 973  ;  3 968  ;  3 879  ;  3 728  ;  3 761  ;  3 801  ;  4 011  ;  4 251  ;  4 397  ;  4 507  ;  4 723  ;  4 887  ;  5 007  ;  5 176  ;  5 406  ;  5 627  ;  5 938  ;  6 246  ;  6 514  ;  6 806  ;  7 070  ;  7 570  
195;DE721;06531;HE;;;3;Gießen, Landkreis; 	.  ; 	.  ; 	.  ; 	.  ; 	.  ; 	.  ; 	.  ; 	.  ; 	.  ; 	.  ; 	.  ; 	.  ; 	.  ; 	.  ; 	.  ; 	.  ; 	.  ; 	.  ; 	.  ; 	.  ; 	.  ; 	.  ; 	.  ; 	.  
196;DE722;06532;HE;;;3;Lahn-Dill-Kreis; 	.  ; 	.  ; 	.  ; 	.  ; 	.  ; 	.  ; 	.  ; 	.  ; 	.  ; 	.  ; 	.  ; 	.  ; 	.  ; 	.  ; 	.  ; 	.  ; 	.  ; 	.  ; 	.  ; 	.  ; 	.  ; 	.  ; 	.  ; 	.  
197;DE723;06533;HE;;;3;Limburg-Weilburg, Landkreis; 	.  ; 	.  ; 	.  ; 	.  ; 	.  ; 	.  ; 	.  ; 	.  ; 	.  ; 	.  ; 	.  ; 	.  ; 	.  ; 	.  ; 	.  ; 	.  ; 	.  ; 	.  ; 	.  ; 	.  ; 	.  ; 	.  ; 	.  ; 	.  
198;DE724;06534;HE;;;3;Marburg-Biedenkopf, Landkreis; 	.  ; 	.  ; 	.  ; 	.  ; 	.  ; 	.  ; 	.  ; 	.  ; 	.  ; 	.  ; 	.  ; 	.  ; 	.  ; 	.  ; 	.  ; 	.  ; 	.  ; 	.  ; 	.  ; 	.  ; 	.  ; 	.  ; 	.  ; 	.  
199;DE725;06535;HE;;;3;Vogelsbergkreis; 	.  ; 	.  ; 	.  ; 	.  ; 	.  ; 	.  ; 	.  ; 	.  ; 	.  ; 	.  ; 	.  ; 	.  ; 	.  ; 	.  ; 	.  ; 	.  ; 	.  ; 	.  ; 	.  ; 	.  ; 	.  ; 	.  ; 	.  ; 	.  
200;DE73;066;HE;;2;;Kassel, Regierungsbezirk;  4 450  ;  4 608  ;  4 664  ;  4 738  ;  4 744  ;  4 555  ;  4 590  ;  4 659  ;  4 883  ;  5 163  ;  5 315  ;  5 439  ;  5 669  ;  5 880  ;  5 942  ;  6 124  ;  6 339  ;  6 644  ;  6 984  ;  7 353  ;  7 625  ;  7 956  ;  8 304  ;  8 913  
201;DE731;06611;HE;;;3;Kassel, documenta-Stadt, Kreisfreie Stadt; 	–  0; 	–  0; 	–  0; 	–  0; 	–  0; 	–  0; 	–  0; 	–  0; 	–  0; 	–  0; 	–  0; 	–  0; 	–  0; 	–  0; 	–  0; 	–  0; 	–  0; 	–  0; 	–  0; 	–  0; 	–  0; 	–  0; 	–  0; 	–  0
202;DE732;06631;HE;;;3;Fulda, Landkreis; 	–  0; 	–  0; 	–  0; 	–  0; 	–  0; 	–  0; 	–  0; 	–  0; 	–  0; 	–  0; 	–  0; 	–  0; 	–  0; 	–  0; 	–  0; 	–  0; 	–  0; 	–  0; 	–  0; 	–  0; 	–  0; 	–  0; 	–  0; 	–  0
203;DE733;06632;HE;;;3;Hersfeld-Rotenburg, Landkreis; 	–  0; 	–  0; 	–  0; 	–  0; 	–  0; 	–  0; 	–  0; 	–  0; 	–  0; 	–  0; 	–  0; 	–  0; 	–  0; 	–  0; 	–  0; 	–  0; 	–  0; 	–  0; 	–  0; 	–  0; 	–  0; 	–  0; 	–  0; 	–  0
204;DE734;06633;HE;;;3;Kassel, Landkreis; 	–  0; 	–  0; 	–  0; 	–  0; 	–  0; 	–  0; 	–  0; 	–  0; 	–  0; 	–  0; 	–  0; 	–  0; 	–  0; 	–  0; 	–  0; 	–  0; 	–  0; 	–  0; 	–  0; 	–  0; 	–  0; 	–  0; 	–  0; 	–  0
205;DE735;06634;HE;;;3;Schwalm-Eder-Kreis; 	–  0; 	–  0; 	–  0; 	–  0; 	–  0; 	–  0; 	–  0; 	–  0; 	–  0; 	–  0; 	–  0; 	–  0; 	–  0; 	–  0; 	–  0; 	–  0; 	–  0; 	–  0; 	–  0; 	–  0; 	–  0; 	–  0; 	–  0; 	–  0
206;DE736;06635;HE;;;3;Waldeck-Frankenberg, Landkreis; 	–  0; 	–  0; 	–  0; 	–  0; 	–  0; 	–  0; 	–  0; 	–  0; 	–  0; 	–  0; 	–  0; 	–  0; 	–  0; 	–  0; 	–  0; 	–  0; 	–  0; 	–  0; 	–  0; 	–  0; 	–  0; 	–  0; 	–  0; 	–  0
207;DE737;06636;HE;;;3;Werra-Meißner-Kreis; 	–  0; 	–  0; 	–  0; 	–  0; 	–  0; 	–  0; 	–  0; 	–  0; 	–  0; 	–  0; 	–  0; 	–  0; 	–  0; 	–  0; 	–  0; 	–  0; 	–  0; 	–  0; 	–  0; 	–  0; 	–  0; 	–  0; 	–  0; 	–  0
208;DE8;13;MV;1;2;;Mecklenburg-Vorpommern;  5 743  ;  5 915  ;  6 153  ;  6 270  ;  6 324  ;  6 437  ;  6 376  ;  6 411  ;  6 642  ;  6 948  ;  7 148  ;  7 354  ;  7 700  ;  7 823  ;  8 147  ;  8 509  ;  8 949  ;  9 271  ;  9 578  ;  10 099  ;  10 600  ;  11 018  ;  11 545  ;  12 301  
209;DE803;13003;MV;;;3;Rostock, Hansestadt, Kreisfreie Stadt; 	.  ; 	.  ; 	.  ; 	.  ; 	.  ; 	.  ; 	.  ; 	.  ; 	.  ; 	.  ; 	.  ; 	.  ; 	.  ; 	.  ; 	.  ; 	.  ; 	.  ; 	.  ; 	.  ; 	.  ; 	.  ; 	.  ; 	.  ; 	.  
210;DE804;13004;MV;;;3;Schwerin, Landeshauptstadt, Kreisfreie Stadt; 	.  ; 	.  ; 	.  ; 	.  ; 	.  ; 	.  ; 	.  ; 	.  ; 	.  ; 	.  ; 	.  ; 	.  ; 	.  ; 	.  ; 	.  ; 	.  ; 	.  ; 	.  ; 	.  ; 	.  ; 	.  ; 	.  ; 	.  ; 	.  
211;DE80J;13071;MV;;;3;Mecklenburgische Seenplatte, Landkreis; 	.  ; 	.  ; 	.  ; 	.  ; 	.  ; 	.  ; 	.  ; 	.  ; 	.  ; 	.  ; 	.  ; 	.  ; 	.  ; 	.  ; 	.  ; 	.  ; 	.  ; 	.  ; 	.  ; 	.  ; 	.  ; 	.  ; 	.  ; 	.  
212;DE80K;13072;MV;;;3;Landkreis Rostock; 	.  ; 	.  ; 	.  ; 	.  ; 	.  ; 	.  ; 	.  ; 	.  ; 	.  ; 	.  ; 	.  ; 	.  ; 	.  ; 	.  ; 	.  ; 	.  ; 	.  ; 	.  ; 	.  ; 	.  ; 	.  ; 	.  ; 	.  ; 	.  
213;DE80L;13073;MV;;;3;Vorpommern-Rügen, Landkreis; 	.  ; 	.  ; 	.  ; 	.  ; 	.  ; 	.  ; 	.  ; 	.  ; 	.  ; 	.  ; 	.  ; 	.  ; 	.  ; 	.  ; 	.  ; 	.  ; 	.  ; 	.  ; 	.  ; 	.  ; 	.  ; 	.  ; 	.  ; 	.  
214;DE80M;13074;MV;;;3;Nordwestmecklenburg, Landkreis; 	.  ; 	.  ; 	.  ; 	.  ; 	.  ; 	.  ; 	.  ; 	.  ; 	.  ; 	.  ; 	.  ; 	.  ; 	.  ; 	.  ; 	.  ; 	.  ; 	.  ; 	.  ; 	.  ; 	.  ; 	.  ; 	.  ; 	.  ; 	.  
215;DE80N;13075;MV;;;3;Vorpommern-Greifswald, Landkreis; 	.  ; 	.  ; 	.  ; 	.  ; 	.  ; 	.  ; 	.  ; 	.  ; 	.  ; 	.  ; 	.  ; 	.  ; 	.  ; 	.  ; 	.  ; 	.  ; 	.  ; 	.  ; 	.  ; 	.  ; 	.  ; 	.  ; 	.  ; 	.  
216;DE80O;13076;MV;;;3;Ludwigslust-Parchim, Landkreis; 	.  ; 	.  ; 	.  ; 	.  ; 	.  ; 	.  ; 	.  ; 	.  ; 	.  ; 	.  ; 	.  ; 	.  ; 	.  ; 	.  ; 	.  ; 	.  ; 	.  ; 	.  ; 	.  ; 	.  ; 	.  ; 	.  ; 	.  ; 	.  
217;DE9;03;NI;1;;;Niedersachsen;  25 680  ;  26 176  ;  26 952  ;  27 449  ;  27 612  ;  26 683  ;  27 281  ;  27 828  ;  28 698  ;  30 262  ;  31 268  ;  32 191  ;  32 978  ;  34 297  ;  35 558  ;  37 166  ;  39 082  ;  40 962  ;  42 918  ;  45 214  ;  47 191  ;  49 150  ;  51 252  ;  54 309  
218;DE91;031;NI;;2;;Statistische Region Braunschweig;  5 286  ;  5 398  ;  5 562  ;  5 516  ;  5 594  ;  5 357  ;  5 447  ;  5 522  ;  5 702  ;  6 027  ;  6 217  ;  6 408  ;  6 534  ;  6 786  ;  7 214  ;  7 546  ;  7 927  ;  8 304  ;  8 699  ;  9 159  ;  9 503  ;  9 851  ;  10 227  ;  10 792  
219;DE911;03101;NI;;;3;Braunschweig, Kreisfreie Stadt; 	.  ; 	.  ; 	.  ; 	.  ; 	.  ; 	.  ; 	.  ; 	.  ; 	.  ; 	.  ; 	.  ; 	.  ; 	.  ; 	.  ; 	.  ; 	.  ; 	.  ; 	.  ; 	.  ; 	.  ; 	.  ; 	.  ; 	.  ; 	.  
220;DE912;03102;NI;;;3;Salzgitter, Kreisfreie Stadt; 	.  ; 	.  ; 	.  ; 	.  ; 	.  ; 	.  ; 	.  ; 	.  ; 	.  ; 	.  ; 	.  ; 	.  ; 	.  ; 	.  ; 	.  ; 	.  ; 	.  ; 	.  ; 	.  ; 	.  ; 	.  ; 	.  ; 	.  ; 	.  
221;DE913;03103;NI;;;3;Wolfsburg, Kreisfreie Stadt; 	.  ; 	.  ; 	.  ; 	.  ; 	.  ; 	.  ; 	.  ; 	.  ; 	.  ; 	.  ; 	.  ; 	.  ; 	.  ; 	.  ; 	.  ; 	.  ; 	.  ; 	.  ; 	.  ; 	.  ; 	.  ; 	.  ; 	.  ; 	.  
222;DE914;03151;NI;;;3;Gifhorn, Landkreis; 	.  ; 	.  ; 	.  ; 	.  ; 	.  ; 	.  ; 	.  ; 	.  ; 	.  ; 	.  ; 	.  ; 	.  ; 	.  ; 	.  ; 	.  ; 	.  ; 	.  ; 	.  ; 	.  ; 	.  ; 	.  ; 	.  ; 	.  ; 	.  
223;DE916;03153;NI;;;3;Goslar, Landkreis; 	.  ; 	.  ; 	.  ; 	.  ; 	.  ; 	.  ; 	.  ; 	.  ; 	.  ; 	.  ; 	.  ; 	.  ; 	.  ; 	.  ; 	.  ; 	.  ; 	.  ; 	.  ; 	.  ; 	.  ; 	.  ; 	.  ; 	.  ; 	.  
224;DE917;03154;NI;;;3;Helmstedt, Landkreis; 	.  ; 	.  ; 	.  ; 	.  ; 	.  ; 	.  ; 	.  ; 	.  ; 	.  ; 	.  ; 	.  ; 	.  ; 	.  ; 	.  ; 	.  ; 	.  ; 	.  ; 	.  ; 	.  ; 	.  ; 	.  ; 	.  ; 	.  ; 	.  
225;DE918;03155;NI;;;3;Northeim, Landkreis; 	.  ; 	.  ; 	.  ; 	.  ; 	.  ; 	.  ; 	.  ; 	.  ; 	.  ; 	.  ; 	.  ; 	.  ; 	.  ; 	.  ; 	.  ; 	.  ; 	.  ; 	.  ; 	.  ; 	.  ; 	.  ; 	.  ; 	.  ; 	.  
226;DE91A;03157;NI;;;3;Peine, Landkreis; 	.  ; 	.  ; 	.  ; 	.  ; 	.  ; 	.  ; 	.  ; 	.  ; 	.  ; 	.  ; 	.  ; 	.  ; 	.  ; 	.  ; 	.  ; 	.  ; 	.  ; 	.  ; 	.  ; 	.  ; 	.  ; 	.  ; 	.  ; 	.  
227;DE91B;03158;NI;;;3;Wolfenbüttel, Landkreis; 	.  ; 	.  ; 	.  ; 	.  ; 	.  ; 	.  ; 	.  ; 	.  ; 	.  ; 	.  ; 	.  ; 	.  ; 	.  ; 	.  ; 	.  ; 	.  ; 	.  ; 	.  ; 	.  ; 	.  ; 	.  ; 	.  ; 	.  ; 	.  
228;DE91C;03159;NI;;;3;Göttingen, Landkreis; 	.  ; 	.  ; 	.  ; 	.  ; 	.  ; 	.  ; 	.  ; 	.  ; 	.  ; 	.  ; 	.  ; 	.  ; 	.  ; 	.  ; 	.  ; 	.  ; 	.  ; 	.  ; 	.  ; 	.  ; 	.  ; 	.  ; 	.  ; 	.  
229;DE92;032;NI;;2;;Statistische Region Hannover;  7 497  ;  7 645  ;  7 978  ;  8 120  ;  8 215  ;  8 008  ;  8 191  ;  8 326  ;  8 605  ;  9 047  ;  9 358  ;  9 585  ;  9 706  ;  10 078  ;  10 798  ;  11 263  ;  11 816  ;  12 410  ;  12 994  ;  13 710  ;  14 291  ;  14 878  ;  15 536  ;  16 577  
230;DE922;03251;NI;;;3;Diepholz, Landkreis; 	.  ; 	.  ; 	.  ; 	.  ; 	.  ; 	.  ; 	.  ; 	.  ; 	.  ; 	.  ; 	.  ; 	.  ; 	.  ; 	.  ; 	.  ; 	.  ; 	.  ; 	.  ; 	.  ; 	.  ; 	.  ; 	.  ; 	.  ; 	.  
231;DE923;03252;NI;;;3;Hameln-Pyrmont, Landkreis; 	.  ; 	.  ; 	.  ; 	.  ; 	.  ; 	.  ; 	.  ; 	.  ; 	.  ; 	.  ; 	.  ; 	.  ; 	.  ; 	.  ; 	.  ; 	.  ; 	.  ; 	.  ; 	.  ; 	.  ; 	.  ; 	.  ; 	.  ; 	.  
232;DE925;03254;NI;;;3;Hildesheim, Landkreis; 	.  ; 	.  ; 	.  ; 	.  ; 	.  ; 	.  ; 	.  ; 	.  ; 	.  ; 	.  ; 	.  ; 	.  ; 	.  ; 	.  ; 	.  ; 	.  ; 	.  ; 	.  ; 	.  ; 	.  ; 	.  ; 	.  ; 	.  ; 	.  
233;DE926;03255;NI;;;3;Holzminden, Landkreis; 	.  ; 	.  ; 	.  ; 	.  ; 	.  ; 	.  ; 	.  ; 	.  ; 	.  ; 	.  ; 	.  ; 	.  ; 	.  ; 	.  ; 	.  ; 	.  ; 	.  ; 	.  ; 	.  ; 	.  ; 	.  ; 	.  ; 	.  ; 	.  
234;DE927;03256;NI;;;3;Nienburg (Weser), Landkreis; 	.  ; 	.  ; 	.  ; 	.  ; 	.  ; 	.  ; 	.  ; 	.  ; 	.  ; 	.  ; 	.  ; 	.  ; 	.  ; 	.  ; 	.  ; 	.  ; 	.  ; 	.  ; 	.  ; 	.  ; 	.  ; 	.  ; 	.  ; 	.  
235;DE928;03257;NI;;;3;Schaumburg, Landkreis; 	.  ; 	.  ; 	.  ; 	.  ; 	.  ; 	.  ; 	.  ; 	.  ; 	.  ; 	.  ; 	.  ; 	.  ; 	.  ; 	.  ; 	.  ; 	.  ; 	.  ; 	.  ; 	.  ; 	.  ; 	.  ; 	.  ; 	.  ; 	.  
236;DE929;03241;NI;;;3;Region Hannover, Landkreis; 	.  ; 	.  ; 	.  ; 	.  ; 	.  ; 	.  ; 	.  ; 	.  ; 	.  ; 	.  ; 	.  ; 	.  ; 	.  ; 	.  ; 	.  ; 	.  ; 	.  ; 	.  ; 	.  ; 	.  ; 	.  ; 	.  ; 	.  ; 	.  
237;DE93;033;NI;;2;;Statistische Region Lüneburg;  4 997  ;  5 105  ;  5 229  ;  5 366  ;  5 375  ;  5 195  ;  5 345  ;  5 634  ;  5 815  ;  6 134  ;  6 345  ;  6 522  ;  6 677  ;  6 957  ;  6 847  ;  7 137  ;  7 483  ;  7 833  ;  8 176  ;  8 568  ;  8 959  ;  9 341  ;  9 726  ;  10 267  
238;DE931;03351;NI;;;3;Celle, Landkreis; 	.  ; 	.  ; 	.  ; 	.  ; 	.  ; 	.  ; 	.  ; 	.  ; 	.  ; 	.  ; 	.  ; 	.  ; 	.  ; 	.  ; 	.  ; 	.  ; 	.  ; 	.  ; 	.  ; 	.  ; 	.  ; 	.  ; 	.  ; 	.  
239;DE932;03352;NI;;;3;Cuxhaven, Landkreis; 	.  ; 	.  ; 	.  ; 	.  ; 	.  ; 	.  ; 	.  ; 	.  ; 	.  ; 	.  ; 	.  ; 	.  ; 	.  ; 	.  ; 	.  ; 	.  ; 	.  ; 	.  ; 	.  ; 	.  ; 	.  ; 	.  ; 	.  ; 	.  
240;DE933;03353;NI;;;3;Harburg, Landkreis; 	.  ; 	.  ; 	.  ; 	.  ; 	.  ; 	.  ; 	.  ; 	.  ; 	.  ; 	.  ; 	.  ; 	.  ; 	.  ; 	.  ; 	.  ; 	.  ; 	.  ; 	.  ; 	.  ; 	.  ; 	.  ; 	.  ; 	.  ; 	.  
241;DE934;03354;NI;;;3;Lüchow-Dannenberg, Landkreis; 	.  ; 	.  ; 	.  ; 	.  ; 	.  ; 	.  ; 	.  ; 	.  ; 	.  ; 	.  ; 	.  ; 	.  ; 	.  ; 	.  ; 	.  ; 	.  ; 	.  ; 	.  ; 	.  ; 	.  ; 	.  ; 	.  ; 	.  ; 	.  
242;DE935;03355;NI;;;3;Lüneburg, Landkreis; 	.  ; 	.  ; 	.  ; 	.  ; 	.  ; 	.  ; 	.  ; 	.  ; 	.  ; 	.  ; 	.  ; 	.  ; 	.  ; 	.  ; 	.  ; 	.  ; 	.  ; 	.  ; 	.  ; 	.  ; 	.  ; 	.  ; 	.  ; 	.  
243;DE936;03356;NI;;;3;Osterholz, Landkreis; 	.  ; 	.  ; 	.  ; 	.  ; 	.  ; 	.  ; 	.  ; 	.  ; 	.  ; 	.  ; 	.  ; 	.  ; 	.  ; 	.  ; 	.  ; 	.  ; 	.  ; 	.  ; 	.  ; 	.  ; 	.  ; 	.  ; 	.  ; 	.  
244;DE937;03357;NI;;;3;Rotenburg (Wümme), Landkreis; 	.  ; 	.  ; 	.  ; 	.  ; 	.  ; 	.  ; 	.  ; 	.  ; 	.  ; 	.  ; 	.  ; 	.  ; 	.  ; 	.  ; 	.  ; 	.  ; 	.  ; 	.  ; 	.  ; 	.  ; 	.  ; 	.  ; 	.  ; 	.  
245;DE938;03358;NI;;;3;Heidekreis, Landkreis; 	.  ; 	.  ; 	.  ; 	.  ; 	.  ; 	.  ; 	.  ; 	.  ; 	.  ; 	.  ; 	.  ; 	.  ; 	.  ; 	.  ; 	.  ; 	.  ; 	.  ; 	.  ; 	.  ; 	.  ; 	.  ; 	.  ; 	.  ; 	.  
246;DE939;03359;NI;;;3;Stade, Landkreis; 	.  ; 	.  ; 	.  ; 	.  ; 	.  ; 	.  ; 	.  ; 	.  ; 	.  ; 	.  ; 	.  ; 	.  ; 	.  ; 	.  ; 	.  ; 	.  ; 	.  ; 	.  ; 	.  ; 	.  ; 	.  ; 	.  ; 	.  ; 	.  
247;DE93A;03360;NI;;;3;Uelzen, Landkreis; 	.  ; 	.  ; 	.  ; 	.  ; 	.  ; 	.  ; 	.  ; 	.  ; 	.  ; 	.  ; 	.  ; 	.  ; 	.  ; 	.  ; 	.  ; 	.  ; 	.  ; 	.  ; 	.  ; 	.  ; 	.  ; 	.  ; 	.  ; 	.  
248;DE93B;03361;NI;;;3;Verden, Landkreis; 	.  ; 	.  ; 	.  ; 	.  ; 	.  ; 	.  ; 	.  ; 	.  ; 	.  ; 	.  ; 	.  ; 	.  ; 	.  ; 	.  ; 	.  ; 	.  ; 	.  ; 	.  ; 	.  ; 	.  ; 	.  ; 	.  ; 	.  ; 	.  
249;DE94;034;NI;;2;;Statistische Region Weser-Ems;  7 899  ;  8 027  ;  8 183  ;  8 447  ;  8 428  ;  8 123  ;  8 297  ;  8 346  ;  8 575  ;  9 054  ;  9 348  ;  9 676  ;  10 061  ;  10 476  ;  10 700  ;  11 220  ;  11 856  ;  12 415  ;  13 049  ;  13 777  ;  14 438  ;  15 081  ;  15 763  ;  16 672  
250;DE941;03401;NI;;;3;Delmenhorst, Kreisfreie Stadt; 	.  ; 	.  ; 	.  ; 	.  ; 	.  ; 	.  ; 	.  ; 	.  ; 	.  ; 	.  ; 	.  ; 	.  ; 	.  ; 	.  ; 	.  ; 	.  ; 	.  ; 	.  ; 	.  ; 	.  ; 	.  ; 	.  ; 	.  ; 	.  
251;DE942;03402;NI;;;3;Emden, Kreisfreie Stadt; 	.  ; 	.  ; 	.  ; 	.  ; 	.  ; 	.  ; 	.  ; 	.  ; 	.  ; 	.  ; 	.  ; 	.  ; 	.  ; 	.  ; 	.  ; 	.  ; 	.  ; 	.  ; 	.  ; 	.  ; 	.  ; 	.  ; 	.  ; 	.  
252;DE943;03403;NI;;;3;Oldenburg (Oldb), Kreisfreie Stadt; 	.  ; 	.  ; 	.  ; 	.  ; 	.  ; 	.  ; 	.  ; 	.  ; 	.  ; 	.  ; 	.  ; 	.  ; 	.  ; 	.  ; 	.  ; 	.  ; 	.  ; 	.  ; 	.  ; 	.  ; 	.  ; 	.  ; 	.  ; 	.  
253;DE944;03404;NI;;;3;Osnabrück, Kreisfreie Stadt; 	.  ; 	.  ; 	.  ; 	.  ; 	.  ; 	.  ; 	.  ; 	.  ; 	.  ; 	.  ; 	.  ; 	.  ; 	.  ; 	.  ; 	.  ; 	.  ; 	.  ; 	.  ; 	.  ; 	.  ; 	.  ; 	.  ; 	.  ; 	.  
254;DE945;03405;NI;;;3;Wilhelmshaven, Kreisfreie Stadt; 	.  ; 	.  ; 	.  ; 	.  ; 	.  ; 	.  ; 	.  ; 	.  ; 	.  ; 	.  ; 	.  ; 	.  ; 	.  ; 	.  ; 	.  ; 	.  ; 	.  ; 	.  ; 	.  ; 	.  ; 	.  ; 	.  ; 	.  ; 	.  
255;DE946;03451;NI;;;3;Ammerland, Landkreis; 	.  ; 	.  ; 	.  ; 	.  ; 	.  ; 	.  ; 	.  ; 	.  ; 	.  ; 	.  ; 	.  ; 	.  ; 	.  ; 	.  ; 	.  ; 	.  ; 	.  ; 	.  ; 	.  ; 	.  ; 	.  ; 	.  ; 	.  ; 	.  
256;DE947;03452;NI;;;3;Aurich, Landkreis; 	.  ; 	.  ; 	.  ; 	.  ; 	.  ; 	.  ; 	.  ; 	.  ; 	.  ; 	.  ; 	.  ; 	.  ; 	.  ; 	.  ; 	.  ; 	.  ; 	.  ; 	.  ; 	.  ; 	.  ; 	.  ; 	.  ; 	.  ; 	.  
257;DE948;03453;NI;;;3;Cloppenburg, Landkreis; 	.  ; 	.  ; 	.  ; 	.  ; 	.  ; 	.  ; 	.  ; 	.  ; 	.  ; 	.  ; 	.  ; 	.  ; 	.  ; 	.  ; 	.  ; 	.  ; 	.  ; 	.  ; 	.  ; 	.  ; 	.  ; 	.  ; 	.  ; 	.  
258;DE949;03454;NI;;;3;Emsland, Landkreis; 	.  ; 	.  ; 	.  ; 	.  ; 	.  ; 	.  ; 	.  ; 	.  ; 	.  ; 	.  ; 	.  ; 	.  ; 	.  ; 	.  ; 	.  ; 	.  ; 	.  ; 	.  ; 	.  ; 	.  ; 	.  ; 	.  ; 	.  ; 	.  
259;DE94A;03455;NI;;;3;Friesland, Landkreis; 	.  ; 	.  ; 	.  ; 	.  ; 	.  ; 	.  ; 	.  ; 	.  ; 	.  ; 	.  ; 	.  ; 	.  ; 	.  ; 	.  ; 	.  ; 	.  ; 	.  ; 	.  ; 	.  ; 	.  ; 	.  ; 	.  ; 	.  ; 	.  
260;DE94B;03456;NI;;;3;Grafschaft Bentheim, Landkreis; 	.  ; 	.  ; 	.  ; 	.  ; 	.  ; 	.  ; 	.  ; 	.  ; 	.  ; 	.  ; 	.  ; 	.  ; 	.  ; 	.  ; 	.  ; 	.  ; 	.  ; 	.  ; 	.  ; 	.  ; 	.  ; 	.  ; 	.  ; 	.  
261;DE94C;03457;NI;;;3;Leer, Landkreis; 	.  ; 	.  ; 	.  ; 	.  ; 	.  ; 	.  ; 	.  ; 	.  ; 	.  ; 	.  ; 	.  ; 	.  ; 	.  ; 	.  ; 	.  ; 	.  ; 	.  ; 	.  ; 	.  ; 	.  ; 	.  ; 	.  ; 	.  ; 	.  
262;DE94D;03458;NI;;;3;Oldenburg, Landkreis; 	.  ; 	.  ; 	.  ; 	.  ; 	.  ; 	.  ; 	.  ; 	.  ; 	.  ; 	.  ; 	.  ; 	.  ; 	.  ; 	.  ; 	.  ; 	.  ; 	.  ; 	.  ; 	.  ; 	.  ; 	.  ; 	.  ; 	.  ; 	.  
263;DE94E;03459;NI;;;3;Osnabrück, Landkreis; 	.  ; 	.  ; 	.  ; 	.  ; 	.  ; 	.  ; 	.  ; 	.  ; 	.  ; 	.  ; 	.  ; 	.  ; 	.  ; 	.  ; 	.  ; 	.  ; 	.  ; 	.  ; 	.  ; 	.  ; 	.  ; 	.  ; 	.  ; 	.  
264;DE94F;03460;NI;;;3;Vechta, Landkreis; 	.  ; 	.  ; 	.  ; 	.  ; 	.  ; 	.  ; 	.  ; 	.  ; 	.  ; 	.  ; 	.  ; 	.  ; 	.  ; 	.  ; 	.  ; 	.  ; 	.  ; 	.  ; 	.  ; 	.  ; 	.  ; 	.  ; 	.  ; 	.  
265;DE94G;03461;NI;;;3;Wesermarsch, Landkreis; 	.  ; 	.  ; 	.  ; 	.  ; 	.  ; 	.  ; 	.  ; 	.  ; 	.  ; 	.  ; 	.  ; 	.  ; 	.  ; 	.  ; 	.  ; 	.  ; 	.  ; 	.  ; 	.  ; 	.  ; 	.  ; 	.  ; 	.  ; 	.  
266;DE94H;03462;NI;;;3;Wittmund, Landkreis; 	.  ; 	.  ; 	.  ; 	.  ; 	.  ; 	.  ; 	.  ; 	.  ; 	.  ; 	.  ; 	.  ; 	.  ; 	.  ; 	.  ; 	.  ; 	.  ; 	.  ; 	.  ; 	.  ; 	.  ; 	.  ; 	.  ; 	.  ; 	.  
267;DEA;05;NW;1;;;Nordrhein-Westfalen;  58 571  ;  59 554  ;  61 357  ;  62 113  ;  62 702  ;  62 993  ;  62 897  ;  62 953  ;  65 392  ;  69 558  ;  72 304  ;  74 383  ;  76 344  ;  79 553  ;  83 048  ;  86 556  ;  90 901  ;  95 414  ;  100 079  ;  106 052  ;  110 829  ;  116 226  ;  121 053  ;  127 862  
268;DEA1;051;NW;;2;;Düsseldorf, Regierungsbezirk;  16 794  ;  16 907  ;  17 280  ;  17 471  ;  17 644  ;  17 789  ;  17 734  ;  17 872  ;  18 524  ;  19 778  ;  20 547  ;  21 043  ;  21 491  ;  22 318  ;  23 262  ;  24 236  ;  25 373  ;  26 697  ;  27 997  ;  29 693  ;  31 060  ;  32 600  ;  33 992  ;  35 921  
269;DEA11;05111;NW;;;3;Düsseldorf, Kreisfreie Stadt; 	.  ; 	.  ; 	.  ; 	.  ; 	.  ; 	.  ; 	.  ; 	.  ; 	.  ; 	.  ; 	.  ; 	.  ; 	.  ; 	.  ; 	.  ; 	.  ; 	.  ; 	.  ; 	.  ; 	.  ; 	.  ; 	.  ; 	.  ; 	.  
270;DEA12;05112;NW;;;3;Duisburg, Kreisfreie Stadt; 	.  ; 	.  ; 	.  ; 	.  ; 	.  ; 	.  ; 	.  ; 	.  ; 	.  ; 	.  ; 	.  ; 	.  ; 	.  ; 	.  ; 	.  ; 	.  ; 	.  ; 	.  ; 	.  ; 	.  ; 	.  ; 	.  ; 	.  ; 	.  
271;DEA13;05113;NW;;;3;Essen, Kreisfreie Stadt; 	.  ; 	.  ; 	.  ; 	.  ; 	.  ; 	.  ; 	.  ; 	.  ; 	.  ; 	.  ; 	.  ; 	.  ; 	.  ; 	.  ; 	.  ; 	.  ; 	.  ; 	.  ; 	.  ; 	.  ; 	.  ; 	.  ; 	.  ; 	.  
272;DEA14;05114;NW;;;3;Krefeld, Kreisfreie Stadt; 	.  ; 	.  ; 	.  ; 	.  ; 	.  ; 	.  ; 	.  ; 	.  ; 	.  ; 	.  ; 	.  ; 	.  ; 	.  ; 	.  ; 	.  ; 	.  ; 	.  ; 	.  ; 	.  ; 	.  ; 	.  ; 	.  ; 	.  ; 	.  
273;DEA15;05116;NW;;;3;Mönchengladbach, Kreisfreie Stadt; 	.  ; 	.  ; 	.  ; 	.  ; 	.  ; 	.  ; 	.  ; 	.  ; 	.  ; 	.  ; 	.  ; 	.  ; 	.  ; 	.  ; 	.  ; 	.  ; 	.  ; 	.  ; 	.  ; 	.  ; 	.  ; 	.  ; 	.  ; 	.  
274;DEA16;05117;NW;;;3;Mülheim an der Ruhr, Kreisfreie Stadt; 	.  ; 	.  ; 	.  ; 	.  ; 	.  ; 	.  ; 	.  ; 	.  ; 	.  ; 	.  ; 	.  ; 	.  ; 	.  ; 	.  ; 	.  ; 	.  ; 	.  ; 	.  ; 	.  ; 	.  ; 	.  ; 	.  ; 	.  ; 	.  
275;DEA17;05119;NW;;;3;Oberhausen, Kreisfreie Stadt; 	.  ; 	.  ; 	.  ; 	.  ; 	.  ; 	.  ; 	.  ; 	.  ; 	.  ; 	.  ; 	.  ; 	.  ; 	.  ; 	.  ; 	.  ; 	.  ; 	.  ; 	.  ; 	.  ; 	.  ; 	.  ; 	.  ; 	.  ; 	.  
276;DEA18;05120;NW;;;3;Remscheid, Kreisfreie Stadt; 	.  ; 	.  ; 	.  ; 	.  ; 	.  ; 	.  ; 	.  ; 	.  ; 	.  ; 	.  ; 	.  ; 	.  ; 	.  ; 	.  ; 	.  ; 	.  ; 	.  ; 	.  ; 	.  ; 	.  ; 	.  ; 	.  ; 	.  ; 	.  
277;DEA19;05122;NW;;;3;Solingen, Kreisfreie Stadt; 	.  ; 	.  ; 	.  ; 	.  ; 	.  ; 	.  ; 	.  ; 	.  ; 	.  ; 	.  ; 	.  ; 	.  ; 	.  ; 	.  ; 	.  ; 	.  ; 	.  ; 	.  ; 	.  ; 	.  ; 	.  ; 	.  ; 	.  ; 	.  
278;DEA1A;05124;NW;;;3;Wuppertal, Kreisfreie Stadt; 	.  ; 	.  ; 	.  ; 	.  ; 	.  ; 	.  ; 	.  ; 	.  ; 	.  ; 	.  ; 	.  ; 	.  ; 	.  ; 	.  ; 	.  ; 	.  ; 	.  ; 	.  ; 	.  ; 	.  ; 	.  ; 	.  ; 	.  ; 	.  
279;DEA1B;05154;NW;;;3;Kleve, Kreis; 	.  ; 	.  ; 	.  ; 	.  ; 	.  ; 	.  ; 	.  ; 	.  ; 	.  ; 	.  ; 	.  ; 	.  ; 	.  ; 	.  ; 	.  ; 	.  ; 	.  ; 	.  ; 	.  ; 	.  ; 	.  ; 	.  ; 	.  ; 	.  
280;DEA1C;05158;NW;;;3;Mettmann, Kreis; 	.  ; 	.  ; 	.  ; 	.  ; 	.  ; 	.  ; 	.  ; 	.  ; 	.  ; 	.  ; 	.  ; 	.  ; 	.  ; 	.  ; 	.  ; 	.  ; 	.  ; 	.  ; 	.  ; 	.  ; 	.  ; 	.  ; 	.  ; 	.  
281;DEA1D;05162;NW;;;3;Rhein-Kreis Neuss, Kreis; 	.  ; 	.  ; 	.  ; 	.  ; 	.  ; 	.  ; 	.  ; 	.  ; 	.  ; 	.  ; 	.  ; 	.  ; 	.  ; 	.  ; 	.  ; 	.  ; 	.  ; 	.  ; 	.  ; 	.  ; 	.  ; 	.  ; 	.  ; 	.  
282;DEA1E;05166;NW;;;3;Viersen, Kreis; 	.  ; 	.  ; 	.  ; 	.  ; 	.  ; 	.  ; 	.  ; 	.  ; 	.  ; 	.  ; 	.  ; 	.  ; 	.  ; 	.  ; 	.  ; 	.  ; 	.  ; 	.  ; 	.  ; 	.  ; 	.  ; 	.  ; 	.  ; 	.  
283;DEA1F;05170;NW;;;3;Wesel, Kreis; 	.  ; 	.  ; 	.  ; 	.  ; 	.  ; 	.  ; 	.  ; 	.  ; 	.  ; 	.  ; 	.  ; 	.  ; 	.  ; 	.  ; 	.  ; 	.  ; 	.  ; 	.  ; 	.  ; 	.  ; 	.  ; 	.  ; 	.  ; 	.  
284;DEA2;053;NW;;2;;Köln, Regierungsbezirk;  14 749  ;  15 084  ;  15 618  ;  15 855  ;  16 048  ;  16 097  ;  16 129  ;  16 213  ;  17 318  ;  18 338  ;  19 168  ;  19 898  ;  20 609  ;  21 534  ;  22 272  ;  23 260  ;  24 662  ;  25 882  ;  27 241  ;  28 948  ;  30 290  ;  31 839  ;  33 155  ;  35 023  
285;DEA22;05314;NW;;;3;Bonn, Kreisfreie Stadt; 	.  ; 	.  ; 	.  ; 	.  ; 	.  ; 	.  ; 	.  ; 	.  ; 	.  ; 	.  ; 	.  ; 	.  ; 	.  ; 	.  ; 	.  ; 	.  ; 	.  ; 	.  ; 	.  ; 	.  ; 	.  ; 	.  ; 	.  ; 	.  
286;DEA23;05315;NW;;;3;Köln, Kreisfreie Stadt; 	.  ; 	.  ; 	.  ; 	.  ; 	.  ; 	.  ; 	.  ; 	.  ; 	.  ; 	.  ; 	.  ; 	.  ; 	.  ; 	.  ; 	.  ; 	.  ; 	.  ; 	.  ; 	.  ; 	.  ; 	.  ; 	.  ; 	.  ; 	.  
287;DEA24;05316;NW;;;3;Leverkusen, Kreisfreie Stadt; 	.  ; 	.  ; 	.  ; 	.  ; 	.  ; 	.  ; 	.  ; 	.  ; 	.  ; 	.  ; 	.  ; 	.  ; 	.  ; 	.  ; 	.  ; 	.  ; 	.  ; 	.  ; 	.  ; 	.  ; 	.  ; 	.  ; 	.  ; 	.  
288;DEA26;05358;NW;;;3;Düren, Kreis; 	.  ; 	.  ; 	.  ; 	.  ; 	.  ; 	.  ; 	.  ; 	.  ; 	.  ; 	.  ; 	.  ; 	.  ; 	.  ; 	.  ; 	.  ; 	.  ; 	.  ; 	.  ; 	.  ; 	.  ; 	.  ; 	.  ; 	.  ; 	.  
289;DEA27;05362;NW;;;3;Rhein-Erft-Kreis; 	.  ; 	.  ; 	.  ; 	.  ; 	.  ; 	.  ; 	.  ; 	.  ; 	.  ; 	.  ; 	.  ; 	.  ; 	.  ; 	.  ; 	.  ; 	.  ; 	.  ; 	.  ; 	.  ; 	.  ; 	.  ; 	.  ; 	.  ; 	.  
290;DEA28;05366;NW;;;3;Euskirchen, Kreis; 	.  ; 	.  ; 	.  ; 	.  ; 	.  ; 	.  ; 	.  ; 	.  ; 	.  ; 	.  ; 	.  ; 	.  ; 	.  ; 	.  ; 	.  ; 	.  ; 	.  ; 	.  ; 	.  ; 	.  ; 	.  ; 	.  ; 	.  ; 	.  
291;DEA29;05370;NW;;;3;Heinsberg, Kreis; 	.  ; 	.  ; 	.  ; 	.  ; 	.  ; 	.  ; 	.  ; 	.  ; 	.  ; 	.  ; 	.  ; 	.  ; 	.  ; 	.  ; 	.  ; 	.  ; 	.  ; 	.  ; 	.  ; 	.  ; 	.  ; 	.  ; 	.  ; 	.  
292;DEA2A;05374;NW;;;3;Oberbergischer Kreis; 	.  ; 	.  ; 	.  ; 	.  ; 	.  ; 	.  ; 	.  ; 	.  ; 	.  ; 	.  ; 	.  ; 	.  ; 	.  ; 	.  ; 	.  ; 	.  ; 	.  ; 	.  ; 	.  ; 	.  ; 	.  ; 	.  ; 	.  ; 	.  
293;DEA2B;05378;NW;;;3;Rheinisch-Bergischer Kreis; 	.  ; 	.  ; 	.  ; 	.  ; 	.  ; 	.  ; 	.  ; 	.  ; 	.  ; 	.  ; 	.  ; 	.  ; 	.  ; 	.  ; 	.  ; 	.  ; 	.  ; 	.  ; 	.  ; 	.  ; 	.  ; 	.  ; 	.  ; 	.  
294;DEA2C;05382;NW;;;3;Rhein-Sieg-Kreis; 	.  ; 	.  ; 	.  ; 	.  ; 	.  ; 	.  ; 	.  ; 	.  ; 	.  ; 	.  ; 	.  ; 	.  ; 	.  ; 	.  ; 	.  ; 	.  ; 	.  ; 	.  ; 	.  ; 	.  ; 	.  ; 	.  ; 	.  ; 	.  
295;DEA2D;05334;NW;;;3;Städteregion Aachen, Kreis; 	.  ; 	.  ; 	.  ; 	.  ; 	.  ; 	.  ; 	.  ; 	.  ; 	.  ; 	.  ; 	.  ; 	.  ; 	.  ; 	.  ; 	.  ; 	.  ; 	.  ; 	.  ; 	.  ; 	.  ; 	.  ; 	.  ; 	.  ; 	.  
296;DEA3;055;NW;;2;;Münster, Regierungsbezirk;  8 409  ;  8 560  ;  8 777  ;  8 850  ;  8 893  ;  8 953  ;  9 042  ;  9 009  ;  9 248  ;  9 819  ;  10 158  ;  10 480  ;  10 765  ;  11 264  ;  11 753  ;  12 260  ;  12 901  ;  13 538  ;  14 207  ;  15 038  ;  15 715  ;  16 486  ;  17 174  ;  18 192  
297;DEA31;05512;NW;;;3;Bottrop, Kreisfreie Stadt; 	.  ; 	.  ; 	.  ; 	.  ; 	.  ; 	.  ; 	.  ; 	.  ; 	.  ; 	.  ; 	.  ; 	.  ; 	.  ; 	.  ; 	.  ; 	.  ; 	.  ; 	.  ; 	.  ; 	.  ; 	.  ; 	.  ; 	.  ; 	.  
298;DEA32;05513;NW;;;3;Gelsenkirchen, Kreisfreie Stadt; 	.  ; 	.  ; 	.  ; 	.  ; 	.  ; 	.  ; 	.  ; 	.  ; 	.  ; 	.  ; 	.  ; 	.  ; 	.  ; 	.  ; 	.  ; 	.  ; 	.  ; 	.  ; 	.  ; 	.  ; 	.  ; 	.  ; 	.  ; 	.  
299;DEA33;05515;NW;;;3;Münster, Kreisfreie Stadt; 	.  ; 	.  ; 	.  ; 	.  ; 	.  ; 	.  ; 	.  ; 	.  ; 	.  ; 	.  ; 	.  ; 	.  ; 	.  ; 	.  ; 	.  ; 	.  ; 	.  ; 	.  ; 	.  ; 	.  ; 	.  ; 	.  ; 	.  ; 	.  
300;DEA34;05554;NW;;;3;Borken, Kreis; 	.  ; 	.  ; 	.  ; 	.  ; 	.  ; 	.  ; 	.  ; 	.  ; 	.  ; 	.  ; 	.  ; 	.  ; 	.  ; 	.  ; 	.  ; 	.  ; 	.  ; 	.  ; 	.  ; 	.  ; 	.  ; 	.  ; 	.  ; 	.  
301;DEA35;05558;NW;;;3;Coesfeld, Kreis; 	.  ; 	.  ; 	.  ; 	.  ; 	.  ; 	.  ; 	.  ; 	.  ; 	.  ; 	.  ; 	.  ; 	.  ; 	.  ; 	.  ; 	.  ; 	.  ; 	.  ; 	.  ; 	.  ; 	.  ; 	.  ; 	.  ; 	.  ; 	.  
302;DEA36;05562;NW;;;3;Recklinghausen, Kreis; 	.  ; 	.  ; 	.  ; 	.  ; 	.  ; 	.  ; 	.  ; 	.  ; 	.  ; 	.  ; 	.  ; 	.  ; 	.  ; 	.  ; 	.  ; 	.  ; 	.  ; 	.  ; 	.  ; 	.  ; 	.  ; 	.  ; 	.  ; 	.  
303;DEA37;05566;NW;;;3;Steinfurt, Kreis; 	.  ; 	.  ; 	.  ; 	.  ; 	.  ; 	.  ; 	.  ; 	.  ; 	.  ; 	.  ; 	.  ; 	.  ; 	.  ; 	.  ; 	.  ; 	.  ; 	.  ; 	.  ; 	.  ; 	.  ; 	.  ; 	.  ; 	.  ; 	.  
304;DEA38;05570;NW;;;3;Warendorf, Kreis; 	.  ; 	.  ; 	.  ; 	.  ; 	.  ; 	.  ; 	.  ; 	.  ; 	.  ; 	.  ; 	.  ; 	.  ; 	.  ; 	.  ; 	.  ; 	.  ; 	.  ; 	.  ; 	.  ; 	.  ; 	.  ; 	.  ; 	.  ; 	.  
305;DEA4;057;NW;;2;;Detmold, Regierungsbezirk;  6 541  ;  6 672  ;  6 886  ;  6 956  ;  7 042  ;  7 097  ;  7 092  ;  7 107  ;  7 287  ;  7 794  ;  8 107  ;  8 292  ;  8 489  ;  8 850  ;  9 325  ;  9 699  ;  10 067  ;  10 520  ;  11 025  ;  11 654  ;  12 142  ;  12 681  ;  13 193  ;  13 920  
306;DEA41;05711;NW;;;3;Bielefeld, Kreisfreie Stadt; 	.  ; 	.  ; 	.  ; 	.  ; 	.  ; 	.  ; 	.  ; 	.  ; 	.  ; 	.  ; 	.  ; 	.  ; 	.  ; 	.  ; 	.  ; 	.  ; 	.  ; 	.  ; 	.  ; 	.  ; 	.  ; 	.  ; 	.  ; 	.  
307;DEA42;05754;NW;;;3;Gütersloh, Kreis; 	.  ; 	.  ; 	.  ; 	.  ; 	.  ; 	.  ; 	.  ; 	.  ; 	.  ; 	.  ; 	.  ; 	.  ; 	.  ; 	.  ; 	.  ; 	.  ; 	.  ; 	.  ; 	.  ; 	.  ; 	.  ; 	.  ; 	.  ; 	.  
308;DEA43;05758;NW;;;3;Herford, Kreis; 	.  ; 	.  ; 	.  ; 	.  ; 	.  ; 	.  ; 	.  ; 	.  ; 	.  ; 	.  ; 	.  ; 	.  ; 	.  ; 	.  ; 	.  ; 	.  ; 	.  ; 	.  ; 	.  ; 	.  ; 	.  ; 	.  ; 	.  ; 	.  
309;DEA44;05762;NW;;;3;Höxter, Kreis; 	.  ; 	.  ; 	.  ; 	.  ; 	.  ; 	.  ; 	.  ; 	.  ; 	.  ; 	.  ; 	.  ; 	.  ; 	.  ; 	.  ; 	.  ; 	.  ; 	.  ; 	.  ; 	.  ; 	.  ; 	.  ; 	.  ; 	.  ; 	.  
310;DEA45;05766;NW;;;3;Lippe, Kreis; 	.  ; 	.  ; 	.  ; 	.  ; 	.  ; 	.  ; 	.  ; 	.  ; 	.  ; 	.  ; 	.  ; 	.  ; 	.  ; 	.  ; 	.  ; 	.  ; 	.  ; 	.  ; 	.  ; 	.  ; 	.  ; 	.  ; 	.  ; 	.  
311;DEA46;05770;NW;;;3;Minden-Lübbecke, Kreis; 	.  ; 	.  ; 	.  ; 	.  ; 	.  ; 	.  ; 	.  ; 	.  ; 	.  ; 	.  ; 	.  ; 	.  ; 	.  ; 	.  ; 	.  ; 	.  ; 	.  ; 	.  ; 	.  ; 	.  ; 	.  ; 	.  ; 	.  ; 	.  
312;DEA47;05774;NW;;;3;Paderborn, Kreis; 	.  ; 	.  ; 	.  ; 	.  ; 	.  ; 	.  ; 	.  ; 	.  ; 	.  ; 	.  ; 	.  ; 	.  ; 	.  ; 	.  ; 	.  ; 	.  ; 	.  ; 	.  ; 	.  ; 	.  ; 	.  ; 	.  ; 	.  ; 	.  
313;DEA5;059;NW;;2;;Arnsberg, Regierungsbezirk;  12 077  ;  12 331  ;  12 797  ;  12 981  ;  13 075  ;  13 058  ;  12 900  ;  12 751  ;  13 014  ;  13 830  ;  14 324  ;  14 670  ;  14 991  ;  15 587  ;  16 435  ;  17 102  ;  17 899  ;  18 778  ;  19 609  ;  20 719  ;  21 622  ;  22 619  ;  23 539  ;  24 806  
314;DEA51;05911;NW;;;3;Bochum, Kreisfreie Stadt; 	.  ; 	.  ; 	.  ; 	.  ; 	.  ; 	.  ; 	.  ; 	.  ; 	.  ; 	.  ; 	.  ; 	.  ; 	.  ; 	.  ; 	.  ; 	.  ; 	.  ; 	.  ; 	.  ; 	.  ; 	.  ; 	.  ; 	.  ; 	.  
315;DEA52;05913;NW;;;3;Dortmund, Kreisfreie Stadt; 	.  ; 	.  ; 	.  ; 	.  ; 	.  ; 	.  ; 	.  ; 	.  ; 	.  ; 	.  ; 	.  ; 	.  ; 	.  ; 	.  ; 	.  ; 	.  ; 	.  ; 	.  ; 	.  ; 	.  ; 	.  ; 	.  ; 	.  ; 	.  
316;DEA53;05914;NW;;;3;Hagen, Kreisfreie Stadt; 	.  ; 	.  ; 	.  ; 	.  ; 	.  ; 	.  ; 	.  ; 	.  ; 	.  ; 	.  ; 	.  ; 	.  ; 	.  ; 	.  ; 	.  ; 	.  ; 	.  ; 	.  ; 	.  ; 	.  ; 	.  ; 	.  ; 	.  ; 	.  
317;DEA54;05915;NW;;;3;Hamm, Kreisfreie Stadt; 	.  ; 	.  ; 	.  ; 	.  ; 	.  ; 	.  ; 	.  ; 	.  ; 	.  ; 	.  ; 	.  ; 	.  ; 	.  ; 	.  ; 	.  ; 	.  ; 	.  ; 	.  ; 	.  ; 	.  ; 	.  ; 	.  ; 	.  ; 	.  
318;DEA55;05916;NW;;;3;Herne, Kreisfreie Stadt; 	.  ; 	.  ; 	.  ; 	.  ; 	.  ; 	.  ; 	.  ; 	.  ; 	.  ; 	.  ; 	.  ; 	.  ; 	.  ; 	.  ; 	.  ; 	.  ; 	.  ; 	.  ; 	.  ; 	.  ; 	.  ; 	.  ; 	.  ; 	.  
319;DEA56;05954;NW;;;3;Ennepe-Ruhr-Kreis; 	.  ; 	.  ; 	.  ; 	.  ; 	.  ; 	.  ; 	.  ; 	.  ; 	.  ; 	.  ; 	.  ; 	.  ; 	.  ; 	.  ; 	.  ; 	.  ; 	.  ; 	.  ; 	.  ; 	.  ; 	.  ; 	.  ; 	.  ; 	.  
320;DEA57;05958;NW;;;3;Hochsauerlandkreis; 	.  ; 	.  ; 	.  ; 	.  ; 	.  ; 	.  ; 	.  ; 	.  ; 	.  ; 	.  ; 	.  ; 	.  ; 	.  ; 	.  ; 	.  ; 	.  ; 	.  ; 	.  ; 	.  ; 	.  ; 	.  ; 	.  ; 	.  ; 	.  
321;DEA58;05962;NW;;;3;Märkischer Kreis; 	.  ; 	.  ; 	.  ; 	.  ; 	.  ; 	.  ; 	.  ; 	.  ; 	.  ; 	.  ; 	.  ; 	.  ; 	.  ; 	.  ; 	.  ; 	.  ; 	.  ; 	.  ; 	.  ; 	.  ; 	.  ; 	.  ; 	.  ; 	.  
322;DEA59;05966;NW;;;3;Olpe, Kreis; 	.  ; 	.  ; 	.  ; 	.  ; 	.  ; 	.  ; 	.  ; 	.  ; 	.  ; 	.  ; 	.  ; 	.  ; 	.  ; 	.  ; 	.  ; 	.  ; 	.  ; 	.  ; 	.  ; 	.  ; 	.  ; 	.  ; 	.  ; 	.  
323;DEA5A;05970;NW;;;3;Siegen-Wittgenstein, Kreis; 	.  ; 	.  ; 	.  ; 	.  ; 	.  ; 	.  ; 	.  ; 	.  ; 	.  ; 	.  ; 	.  ; 	.  ; 	.  ; 	.  ; 	.  ; 	.  ; 	.  ; 	.  ; 	.  ; 	.  ; 	.  ; 	.  ; 	.  ; 	.  
324;DEA5B;05974;NW;;;3;Soest, Kreis; 	.  ; 	.  ; 	.  ; 	.  ; 	.  ; 	.  ; 	.  ; 	.  ; 	.  ; 	.  ; 	.  ; 	.  ; 	.  ; 	.  ; 	.  ; 	.  ; 	.  ; 	.  ; 	.  ; 	.  ; 	.  ; 	.  ; 	.  ; 	.  
325;DEA5C;05978;NW;;;3;Unna, Kreis; 	.  ; 	.  ; 	.  ; 	.  ; 	.  ; 	.  ; 	.  ; 	.  ; 	.  ; 	.  ; 	.  ; 	.  ; 	.  ; 	.  ; 	.  ; 	.  ; 	.  ; 	.  ; 	.  ; 	.  ; 	.  ; 	.  ; 	.  ; 	.  
326;DEB;07;RP;1;;;Rheinland-Pfalz;  13 362  ;  13 669  ;  14 116  ;  14 355  ;  14 449  ;  14 251  ;  14 476  ;  14 582  ;  15 160  ;  16 005  ;  16 500  ;  16 933  ;  17 206  ;  17 762  ;  18 478  ;  19 257  ;  20 073  ;  20 933  ;  21 689  ;  22 775  ;  23 712  ;  24 587  ;  25 462  ;  27 140  
327;DEB1;071;RP;;2;;Statistische Region Koblenz;  5 205  ;  5 310  ;  5 454  ;  5 518  ;  5 569  ;  5 469  ;  5 537  ;  5 578  ;  5 783  ;  6 082  ;  6 263  ;  6 480  ;  6 586  ;  6 799  ;  7 125  ;  7 446  ;  7 741  ;  8 087  ;  8 376  ;  8 815  ;  9 180  ;  9 484  ;  9 819  ;  10 424  
328;DEB11;07111;RP;;;3;Koblenz, Kreisfreie Stadt; 	.  ; 	.  ; 	.  ; 	.  ; 	.  ; 	.  ; 	.  ; 	.  ; 	.  ; 	.  ; 	.  ; 	.  ; 	.  ; 	.  ; 	.  ; 	.  ; 	.  ; 	.  ; 	.  ; 	.  ; 	.  ; 	.  ; 	.  ; 	.  
329;DEB12;07131;RP;;;3;Ahrweiler, Landkreis; 	.  ; 	.  ; 	.  ; 	.  ; 	.  ; 	.  ; 	.  ; 	.  ; 	.  ; 	.  ; 	.  ; 	.  ; 	.  ; 	.  ; 	.  ; 	.  ; 	.  ; 	.  ; 	.  ; 	.  ; 	.  ; 	.  ; 	.  ; 	.  
330;DEB13;07132;RP;;;3;Altenkirchen (Westerwald), Landkreis; 	.  ; 	.  ; 	.  ; 	.  ; 	.  ; 	.  ; 	.  ; 	.  ; 	.  ; 	.  ; 	.  ; 	.  ; 	.  ; 	.  ; 	.  ; 	.  ; 	.  ; 	.  ; 	.  ; 	.  ; 	.  ; 	.  ; 	.  ; 	.  
331;DEB14;07133;RP;;;3;Bad Kreuznach, Landkreis; 	.  ; 	.  ; 	.  ; 	.  ; 	.  ; 	.  ; 	.  ; 	.  ; 	.  ; 	.  ; 	.  ; 	.  ; 	.  ; 	.  ; 	.  ; 	.  ; 	.  ; 	.  ; 	.  ; 	.  ; 	.  ; 	.  ; 	.  ; 	.  
332;DEB15;07134;RP;;;3;Birkenfeld, Landkreis; 	.  ; 	.  ; 	.  ; 	.  ; 	.  ; 	.  ; 	.  ; 	.  ; 	.  ; 	.  ; 	.  ; 	.  ; 	.  ; 	.  ; 	.  ; 	.  ; 	.  ; 	.  ; 	.  ; 	.  ; 	.  ; 	.  ; 	.  ; 	.  
333;DEB17;07137;RP;;;3;Mayen-Koblenz, Landkreis; 	.  ; 	.  ; 	.  ; 	.  ; 	.  ; 	.  ; 	.  ; 	.  ; 	.  ; 	.  ; 	.  ; 	.  ; 	.  ; 	.  ; 	.  ; 	.  ; 	.  ; 	.  ; 	.  ; 	.  ; 	.  ; 	.  ; 	.  ; 	.  
334;DEB18;07138;RP;;;3;Neuwied, Landkreis; 	.  ; 	.  ; 	.  ; 	.  ; 	.  ; 	.  ; 	.  ; 	.  ; 	.  ; 	.  ; 	.  ; 	.  ; 	.  ; 	.  ; 	.  ; 	.  ; 	.  ; 	.  ; 	.  ; 	.  ; 	.  ; 	.  ; 	.  ; 	.  
335;DEB1A;07141;RP;;;3;Rhein-Lahn-Kreis; 	.  ; 	.  ; 	.  ; 	.  ; 	.  ; 	.  ; 	.  ; 	.  ; 	.  ; 	.  ; 	.  ; 	.  ; 	.  ; 	.  ; 	.  ; 	.  ; 	.  ; 	.  ; 	.  ; 	.  ; 	.  ; 	.  ; 	.  ; 	.  
336;DEB1B;07143;RP;;;3;Westerwaldkreis; 	.  ; 	.  ; 	.  ; 	.  ; 	.  ; 	.  ; 	.  ; 	.  ; 	.  ; 	.  ; 	.  ; 	.  ; 	.  ; 	.  ; 	.  ; 	.  ; 	.  ; 	.  ; 	.  ; 	.  ; 	.  ; 	.  ; 	.  ; 	.  
337;DEB1C;07135;RP;;;3;Cochem-Zell, Landkreis; 	.  ; 	.  ; 	.  ; 	.  ; 	.  ; 	.  ; 	.  ; 	.  ; 	.  ; 	.  ; 	.  ; 	.  ; 	.  ; 	.  ; 	.  ; 	.  ; 	.  ; 	.  ; 	.  ; 	.  ; 	.  ; 	.  ; 	.  ; 	.  
338;DEB1D;07140;RP;;;3;Rhein-Hunsrück-Kreis; 	.  ; 	.  ; 	.  ; 	.  ; 	.  ; 	.  ; 	.  ; 	.  ; 	.  ; 	.  ; 	.  ; 	.  ; 	.  ; 	.  ; 	.  ; 	.  ; 	.  ; 	.  ; 	.  ; 	.  ; 	.  ; 	.  ; 	.  ; 	.  
339;DEB2;072;RP;;2;;Statistische Region Trier;  1 765  ;  1 806  ;  1 867  ;  1 903  ;  1 908  ;  1 890  ;  1 909  ;  1 905  ;  1 975  ;  2 092  ;  2 164  ;  2 238  ;  2 228  ;  2 305  ;  2 400  ;  2 499  ;  2 609  ;  2 718  ;  2 796  ;  2 921  ;  3 017  ;  3 111  ;  3 220  ;  3 422  
340;DEB21;07211;RP;;;3;Trier, Kreisfreie Stadt; 	.  ; 	.  ; 	.  ; 	.  ; 	.  ; 	.  ; 	.  ; 	.  ; 	.  ; 	.  ; 	.  ; 	.  ; 	.  ; 	.  ; 	.  ; 	.  ; 	.  ; 	.  ; 	.  ; 	.  ; 	.  ; 	.  ; 	.  ; 	.  
341;DEB22;07231;RP;;;3;Bernkastel-Wittlich, Landkreis; 	.  ; 	.  ; 	.  ; 	.  ; 	.  ; 	.  ; 	.  ; 	.  ; 	.  ; 	.  ; 	.  ; 	.  ; 	.  ; 	.  ; 	.  ; 	.  ; 	.  ; 	.  ; 	.  ; 	.  ; 	.  ; 	.  ; 	.  ; 	.  
342;DEB23;07232;RP;;;3;Eifelkreis Bitburg-Prüm; 	.  ; 	.  ; 	.  ; 	.  ; 	.  ; 	.  ; 	.  ; 	.  ; 	.  ; 	.  ; 	.  ; 	.  ; 	.  ; 	.  ; 	.  ; 	.  ; 	.  ; 	.  ; 	.  ; 	.  ; 	.  ; 	.  ; 	.  ; 	.  
343;DEB24;07233;RP;;;3;Vulkaneifel, Landkreis; 	.  ; 	.  ; 	.  ; 	.  ; 	.  ; 	.  ; 	.  ; 	.  ; 	.  ; 	.  ; 	.  ; 	.  ; 	.  ; 	.  ; 	.  ; 	.  ; 	.  ; 	.  ; 	.  ; 	.  ; 	.  ; 	.  ; 	.  ; 	.  
344;DEB25;07235;RP;;;3;Trier-Saarburg, Landkreis; 	.  ; 	.  ; 	.  ; 	.  ; 	.  ; 	.  ; 	.  ; 	.  ; 	.  ; 	.  ; 	.  ; 	.  ; 	.  ; 	.  ; 	.  ; 	.  ; 	.  ; 	.  ; 	.  ; 	.  ; 	.  ; 	.  ; 	.  ; 	.  
345;DEB3;073;RP;;2;;Statistische Region Rheinhessen-Pfalz;  6 392  ;  6 553  ;  6 795  ;  6 933  ;  6 972  ;  6 892  ;  7 030  ;  7 099  ;  7 402  ;  7 831  ;  8 074  ;  8 215  ;  8 392  ;  8 658  ;  8 953  ;  9 312  ;  9 723  ;  10 128  ;  10 516  ;  11 039  ;  11 514  ;  11 992  ;  12 422  ;  13 294  
346;DEB31;07311;RP;;;3;Frankenthal (Pfalz), Kreisfreie Stadt; 	.  ; 	.  ; 	.  ; 	.  ; 	.  ; 	.  ; 	.  ; 	.  ; 	.  ; 	.  ; 	.  ; 	.  ; 	.  ; 	.  ; 	.  ; 	.  ; 	.  ; 	.  ; 	.  ; 	.  ; 	.  ; 	.  ; 	.  ; 	.  
347;DEB32;07312;RP;;;3;Kaiserslautern, Kreisfreie Stadt; 	.  ; 	.  ; 	.  ; 	.  ; 	.  ; 	.  ; 	.  ; 	.  ; 	.  ; 	.  ; 	.  ; 	.  ; 	.  ; 	.  ; 	.  ; 	.  ; 	.  ; 	.  ; 	.  ; 	.  ; 	.  ; 	.  ; 	.  ; 	.  
348;DEB33;07313;RP;;;3;Landau in der Pfalz, Kreisfreie Stadt; 	.  ; 	.  ; 	.  ; 	.  ; 	.  ; 	.  ; 	.  ; 	.  ; 	.  ; 	.  ; 	.  ; 	.  ; 	.  ; 	.  ; 	.  ; 	.  ; 	.  ; 	.  ; 	.  ; 	.  ; 	.  ; 	.  ; 	.  ; 	.  
349;DEB34;07314;RP;;;3;Ludwigshafen am Rhein, Kreisfreie Stadt; 	.  ; 	.  ; 	.  ; 	.  ; 	.  ; 	.  ; 	.  ; 	.  ; 	.  ; 	.  ; 	.  ; 	.  ; 	.  ; 	.  ; 	.  ; 	.  ; 	.  ; 	.  ; 	.  ; 	.  ; 	.  ; 	.  ; 	.  ; 	.  
350;DEB35;07315;RP;;;3;Mainz, Kreisfreie Stadt; 	.  ; 	.  ; 	.  ; 	.  ; 	.  ; 	.  ; 	.  ; 	.  ; 	.  ; 	.  ; 	.  ; 	.  ; 	.  ; 	.  ; 	.  ; 	.  ; 	.  ; 	.  ; 	.  ; 	.  ; 	.  ; 	.  ; 	.  ; 	.  
351;DEB36;07316;RP;;;3;Neustadt an der Weinstraße, Kreisfreie Stadt; 	.  ; 	.  ; 	.  ; 	.  ; 	.  ; 	.  ; 	.  ; 	.  ; 	.  ; 	.  ; 	.  ; 	.  ; 	.  ; 	.  ; 	.  ; 	.  ; 	.  ; 	.  ; 	.  ; 	.  ; 	.  ; 	.  ; 	.  ; 	.  
352;DEB37;07317;RP;;;3;Pirmasens, Kreisfreie Stadt; 	.  ; 	.  ; 	.  ; 	.  ; 	.  ; 	.  ; 	.  ; 	.  ; 	.  ; 	.  ; 	.  ; 	.  ; 	.  ; 	.  ; 	.  ; 	.  ; 	.  ; 	.  ; 	.  ; 	.  ; 	.  ; 	.  ; 	.  ; 	.  
353;DEB38;07318;RP;;;3;Speyer, Kreisfreie Stadt; 	.  ; 	.  ; 	.  ; 	.  ; 	.  ; 	.  ; 	.  ; 	.  ; 	.  ; 	.  ; 	.  ; 	.  ; 	.  ; 	.  ; 	.  ; 	.  ; 	.  ; 	.  ; 	.  ; 	.  ; 	.  ; 	.  ; 	.  ; 	.  
354;DEB39;07319;RP;;;3;Worms, Kreisfreie Stadt; 	.  ; 	.  ; 	.  ; 	.  ; 	.  ; 	.  ; 	.  ; 	.  ; 	.  ; 	.  ; 	.  ; 	.  ; 	.  ; 	.  ; 	.  ; 	.  ; 	.  ; 	.  ; 	.  ; 	.  ; 	.  ; 	.  ; 	.  ; 	.  
355;DEB3A;07320;RP;;;3;Zweibrücken, Kreisfreie Stadt; 	.  ; 	.  ; 	.  ; 	.  ; 	.  ; 	.  ; 	.  ; 	.  ; 	.  ; 	.  ; 	.  ; 	.  ; 	.  ; 	.  ; 	.  ; 	.  ; 	.  ; 	.  ; 	.  ; 	.  ; 	.  ; 	.  ; 	.  ; 	.  
356;DEB3B;07331;RP;;;3;Alzey-Worms, Landkreis; 	.  ; 	.  ; 	.  ; 	.  ; 	.  ; 	.  ; 	.  ; 	.  ; 	.  ; 	.  ; 	.  ; 	.  ; 	.  ; 	.  ; 	.  ; 	.  ; 	.  ; 	.  ; 	.  ; 	.  ; 	.  ; 	.  ; 	.  ; 	.  
357;DEB3C;07332;RP;;;3;Bad Dürkheim, Landkreis; 	.  ; 	.  ; 	.  ; 	.  ; 	.  ; 	.  ; 	.  ; 	.  ; 	.  ; 	.  ; 	.  ; 	.  ; 	.  ; 	.  ; 	.  ; 	.  ; 	.  ; 	.  ; 	.  ; 	.  ; 	.  ; 	.  ; 	.  ; 	.  
358;DEB3D;07333;RP;;;3;Donnersbergkreis; 	.  ; 	.  ; 	.  ; 	.  ; 	.  ; 	.  ; 	.  ; 	.  ; 	.  ; 	.  ; 	.  ; 	.  ; 	.  ; 	.  ; 	.  ; 	.  ; 	.  ; 	.  ; 	.  ; 	.  ; 	.  ; 	.  ; 	.  ; 	.  
359;DEB3E;07334;RP;;;3;Germersheim, Landkreis; 	.  ; 	.  ; 	.  ; 	.  ; 	.  ; 	.  ; 	.  ; 	.  ; 	.  ; 	.  ; 	.  ; 	.  ; 	.  ; 	.  ; 	.  ; 	.  ; 	.  ; 	.  ; 	.  ; 	.  ; 	.  ; 	.  ; 	.  ; 	.  
360;DEB3F;07335;RP;;;3;Kaiserslautern, Landkreis; 	.  ; 	.  ; 	.  ; 	.  ; 	.  ; 	.  ; 	.  ; 	.  ; 	.  ; 	.  ; 	.  ; 	.  ; 	.  ; 	.  ; 	.  ; 	.  ; 	.  ; 	.  ; 	.  ; 	.  ; 	.  ; 	.  ; 	.  ; 	.  
361;DEB3G;07336;RP;;;3;Kusel, Landkreis; 	.  ; 	.  ; 	.  ; 	.  ; 	.  ; 	.  ; 	.  ; 	.  ; 	.  ; 	.  ; 	.  ; 	.  ; 	.  ; 	.  ; 	.  ; 	.  ; 	.  ; 	.  ; 	.  ; 	.  ; 	.  ; 	.  ; 	.  ; 	.  
362;DEB3H;07337;RP;;;3;Südliche Weinstraße, Landkreis; 	.  ; 	.  ; 	.  ; 	.  ; 	.  ; 	.  ; 	.  ; 	.  ; 	.  ; 	.  ; 	.  ; 	.  ; 	.  ; 	.  ; 	.  ; 	.  ; 	.  ; 	.  ; 	.  ; 	.  ; 	.  ; 	.  ; 	.  ; 	.  
363;DEB3I;07338;RP;;;3;Rhein-Pfalz-Kreis; 	.  ; 	.  ; 	.  ; 	.  ; 	.  ; 	.  ; 	.  ; 	.  ; 	.  ; 	.  ; 	.  ; 	.  ; 	.  ; 	.  ; 	.  ; 	.  ; 	.  ; 	.  ; 	.  ; 	.  ; 	.  ; 	.  ; 	.  ; 	.  
364;DEB3J;07339;RP;;;3;Mainz-Bingen, Landkreis; 	.  ; 	.  ; 	.  ; 	.  ; 	.  ; 	.  ; 	.  ; 	.  ; 	.  ; 	.  ; 	.  ; 	.  ; 	.  ; 	.  ; 	.  ; 	.  ; 	.  ; 	.  ; 	.  ; 	.  ; 	.  ; 	.  ; 	.  ; 	.  
365;DEB3K;07340;RP;;;3;Südwestpfalz, Landkreis; 	.  ; 	.  ; 	.  ; 	.  ; 	.  ; 	.  ; 	.  ; 	.  ; 	.  ; 	.  ; 	.  ; 	.  ; 	.  ; 	.  ; 	.  ; 	.  ; 	.  ; 	.  ; 	.  ; 	.  ; 	.  ; 	.  ; 	.  ; 	.  
366;DEC;10;SL;1;2;;Saarland;  3 493  ;  3 591  ;  3 724  ;  3 770  ;  3 798  ;  3 857  ;  3 874  ;  3 868  ;  3 940  ;  4 169  ;  4 337  ;  4 406  ;  4 530  ;  4 729  ;  4 931  ;  5 017  ;  5 228  ;  5 500  ;  5 700  ;  5 967  ;  6 180  ;  6 394  ;  6 679  ;  7 052  
367;DEC01;10041;SL;;;3;Saarbrücken, Regionalverband; 	.  ; 	.  ; 	.  ; 	.  ; 	.  ; 	.  ; 	.  ; 	.  ; 	.  ; 	.  ; 	.  ; 	.  ; 	.  ; 	.  ; 	.  ; 	.  ; 	.  ; 	.  ; 	.  ; 	.  ; 	.  ; 	.  ; 	.  ; 	.  
368;DEC02;10042;SL;;;3;Merzig-Wadern, Landkreis; 	.  ; 	.  ; 	.  ; 	.  ; 	.  ; 	.  ; 	.  ; 	.  ; 	.  ; 	.  ; 	.  ; 	.  ; 	.  ; 	.  ; 	.  ; 	.  ; 	.  ; 	.  ; 	.  ; 	.  ; 	.  ; 	.  ; 	.  ; 	.  
369;DEC03;10043;SL;;;3;Neunkirchen, Landkreis; 	.  ; 	.  ; 	.  ; 	.  ; 	.  ; 	.  ; 	.  ; 	.  ; 	.  ; 	.  ; 	.  ; 	.  ; 	.  ; 	.  ; 	.  ; 	.  ; 	.  ; 	.  ; 	.  ; 	.  ; 	.  ; 	.  ; 	.  ; 	.  
370;DEC04;10044;SL;;;3;Saarlouis, Landkreis; 	.  ; 	.  ; 	.  ; 	.  ; 	.  ; 	.  ; 	.  ; 	.  ; 	.  ; 	.  ; 	.  ; 	.  ; 	.  ; 	.  ; 	.  ; 	.  ; 	.  ; 	.  ; 	.  ; 	.  ; 	.  ; 	.  ; 	.  ; 	.  
371;DEC05;10045;SL;;;3;Saarpfalz-Kreis; 	.  ; 	.  ; 	.  ; 	.  ; 	.  ; 	.  ; 	.  ; 	.  ; 	.  ; 	.  ; 	.  ; 	.  ; 	.  ; 	.  ; 	.  ; 	.  ; 	.  ; 	.  ; 	.  ; 	.  ; 	.  ; 	.  ; 	.  ; 	.  
372;DEC06;10046;SL;;;3;St. Wendel, Landkreis; 	.  ; 	.  ; 	.  ; 	.  ; 	.  ; 	.  ; 	.  ; 	.  ; 	.  ; 	.  ; 	.  ; 	.  ; 	.  ; 	.  ; 	.  ; 	.  ; 	.  ; 	.  ; 	.  ; 	.  ; 	.  ; 	.  ; 	.  ; 	.  
373;DED;14;SN;1;;;Sachsen;  12 535  ;  12 929  ;  13 573  ;  13 854  ;  13 968  ;  13 797  ;  13 896  ;  13 847  ;  14 538  ;  15 224  ;  15 633  ;  15 747  ;  16 475  ;  16 948  ;  17 694  ;  18 485  ;  19 483  ;  20 447  ;  21 402  ;  22 480  ;  23 707  ;  24 572  ;  25 807  ;  27 496  
374;DED2;146;SN;;2;;Dresden, NUTS 2-Region;  5 081  ;  5 307  ;  5 689  ;  5 786  ;  5 825  ;  5 792  ;  5 856  ;  5 892  ;  6 185  ;  6 457  ;  6 610  ;  6 659  ;  6 985  ;  7 191  ;  7 540  ;  7 878  ;  8 289  ;  8 706  ;  9 123  ;  9 583  ;  10 100  ;  10 469  ;  10 991  ;  11 714  
375;DED21;14612;SN;;;3;Dresden, Kreisfreie Stadt; 	.  ; 	.  ; 	.  ; 	.  ; 	.  ; 	.  ; 	.  ; 	.  ; 	.  ; 	.  ; 	.  ; 	.  ; 	.  ; 	.  ; 	.  ; 	.  ; 	.  ; 	.  ; 	.  ; 	.  ; 	.  ; 	.  ; 	.  ; 	.  
376;DED2C;14625;SN;;;3;Bautzen, Landkreis; 	.  ; 	.  ; 	.  ; 	.  ; 	.  ; 	.  ; 	.  ; 	.  ; 	.  ; 	.  ; 	.  ; 	.  ; 	.  ; 	.  ; 	.  ; 	.  ; 	.  ; 	.  ; 	.  ; 	.  ; 	.  ; 	.  ; 	.  ; 	.  
377;DED2D;14626;SN;;;3;Görlitz, Landkreis; 	.  ; 	.  ; 	.  ; 	.  ; 	.  ; 	.  ; 	.  ; 	.  ; 	.  ; 	.  ; 	.  ; 	.  ; 	.  ; 	.  ; 	.  ; 	.  ; 	.  ; 	.  ; 	.  ; 	.  ; 	.  ; 	.  ; 	.  ; 	.  
378;DED2E;14627;SN;;;3;Meißen, Landkreis; 	.  ; 	.  ; 	.  ; 	.  ; 	.  ; 	.  ; 	.  ; 	.  ; 	.  ; 	.  ; 	.  ; 	.  ; 	.  ; 	.  ; 	.  ; 	.  ; 	.  ; 	.  ; 	.  ; 	.  ; 	.  ; 	.  ; 	.  ; 	.  
379;DED2F;14628;SN;;;3;Sächsische Schweiz-Osterzgebirge, Landkreis; 	.  ; 	.  ; 	.  ; 	.  ; 	.  ; 	.  ; 	.  ; 	.  ; 	.  ; 	.  ; 	.  ; 	.  ; 	.  ; 	.  ; 	.  ; 	.  ; 	.  ; 	.  ; 	.  ; 	.  ; 	.  ; 	.  ; 	.  ; 	.  
380;DED4;145;SN;;2;;Chemnitz, NUTS 2-Region;  4 422  ;  4 497  ;  4 658  ;  4 743  ;  4 779  ;  4 664  ;  4 626  ;  4 592  ;  4 794  ;  5 004  ;  5 121  ;  5 142  ;  5 349  ;  5 469  ;  5 700  ;  5 956  ;  6 268  ;  6 546  ;  6 806  ;  7 115  ;  7 470  ;  7 705  ;  8 034  ;  8 522  
381;DED41;14511;SN;;;3;Chemnitz, Kreisfreie Stadt; 	.  ; 	.  ; 	.  ; 	.  ; 	.  ; 	.  ; 	.  ; 	.  ; 	.  ; 	.  ; 	.  ; 	.  ; 	.  ; 	.  ; 	.  ; 	.  ; 	.  ; 	.  ; 	.  ; 	.  ; 	.  ; 	.  ; 	.  ; 	.  
382;DED42;14521;SN;;;3;Erzgebirgskreis; 	.  ; 	.  ; 	.  ; 	.  ; 	.  ; 	.  ; 	.  ; 	.  ; 	.  ; 	.  ; 	.  ; 	.  ; 	.  ; 	.  ; 	.  ; 	.  ; 	.  ; 	.  ; 	.  ; 	.  ; 	.  ; 	.  ; 	.  ; 	.  
383;DED43;14522;SN;;;3;Mittelsachsen, Landkreis; 	.  ; 	.  ; 	.  ; 	.  ; 	.  ; 	.  ; 	.  ; 	.  ; 	.  ; 	.  ; 	.  ; 	.  ; 	.  ; 	.  ; 	.  ; 	.  ; 	.  ; 	.  ; 	.  ; 	.  ; 	.  ; 	.  ; 	.  ; 	.  
384;DED44;14523;SN;;;3;Vogtlandkreis; 	.  ; 	.  ; 	.  ; 	.  ; 	.  ; 	.  ; 	.  ; 	.  ; 	.  ; 	.  ; 	.  ; 	.  ; 	.  ; 	.  ; 	.  ; 	.  ; 	.  ; 	.  ; 	.  ; 	.  ; 	.  ; 	.  ; 	.  ; 	.  
385;DED45;14524;SN;;;3;Zwickau, Landkreis; 	.  ; 	.  ; 	.  ; 	.  ; 	.  ; 	.  ; 	.  ; 	.  ; 	.  ; 	.  ; 	.  ; 	.  ; 	.  ; 	.  ; 	.  ; 	.  ; 	.  ; 	.  ; 	.  ; 	.  ; 	.  ; 	.  ; 	.  ; 	.  
386;DED5;147;SN;;2;;Leipzig, NUTS 2-Region;  3 031  ;  3 125  ;  3 226  ;  3 325  ;  3 365  ;  3 341  ;  3 414  ;  3 364  ;  3 559  ;  3 763  ;  3 901  ;  3 945  ;  4 141  ;  4 288  ;  4 454  ;  4 651  ;  4 926  ;  5 195  ;  5 473  ;  5 782  ;  6 137  ;  6 398  ;  6 782  ;  7 259  
387;DED51;14713;SN;;;3;Leipzig, Kreisfreie Stadt; 	.  ; 	.  ; 	.  ; 	.  ; 	.  ; 	.  ; 	.  ; 	.  ; 	.  ; 	.  ; 	.  ; 	.  ; 	.  ; 	.  ; 	.  ; 	.  ; 	.  ; 	.  ; 	.  ; 	.  ; 	.  ; 	.  ; 	.  ; 	.  
388;DED52;14729;SN;;;3;Leipzig, Landkreis; 	.  ; 	.  ; 	.  ; 	.  ; 	.  ; 	.  ; 	.  ; 	.  ; 	.  ; 	.  ; 	.  ; 	.  ; 	.  ; 	.  ; 	.  ; 	.  ; 	.  ; 	.  ; 	.  ; 	.  ; 	.  ; 	.  ; 	.  ; 	.  
389;DED53;14730;SN;;;3;Nordsachsen, Landkreis; 	.  ; 	.  ; 	.  ; 	.  ; 	.  ; 	.  ; 	.  ; 	.  ; 	.  ; 	.  ; 	.  ; 	.  ; 	.  ; 	.  ; 	.  ; 	.  ; 	.  ; 	.  ; 	.  ; 	.  ; 	.  ; 	.  ; 	.  ; 	.  
390;DEE;15;ST;1;2;;Sachsen-Anhalt;  7 468  ;  7 657  ;  7 921  ;  8 051  ;  8 049  ;  7 989  ;  8 090  ;  7 957  ;  8 221  ;  8 589  ;  8 809  ;  8 914  ;  9 281  ;  9 475  ;  9 839  ;  10 193  ;  10 589  ;  11 105  ;  11 468  ;  11 936  ;  12 477  ;  12 931  ;  13 378  ;  14 224  
391;DEE01;15001;ST;;;3;Dessau-Roßlau, Kreisfreie Stadt; 	.  ; 	.  ; 	.  ; 	.  ; 	.  ; 	.  ; 	.  ; 	.  ; 	.  ; 	.  ; 	.  ; 	.  ; 	.  ; 	.  ; 	.  ; 	.  ; 	.  ; 	.  ; 	.  ; 	.  ; 	.  ; 	.  ; 	.  ; 	.  
392;DEE02;15002;ST;;;3;Halle (Saale), Kreisfreie Stadt; 	.  ; 	.  ; 	.  ; 	.  ; 	.  ; 	.  ; 	.  ; 	.  ; 	.  ; 	.  ; 	.  ; 	.  ; 	.  ; 	.  ; 	.  ; 	.  ; 	.  ; 	.  ; 	.  ; 	.  ; 	.  ; 	.  ; 	.  ; 	.  
393;DEE03;15003;ST;;;3;Magdeburg, Landeshauptstadt, Kreisfreie Stadt; 	.  ; 	.  ; 	.  ; 	.  ; 	.  ; 	.  ; 	.  ; 	.  ; 	.  ; 	.  ; 	.  ; 	.  ; 	.  ; 	.  ; 	.  ; 	.  ; 	.  ; 	.  ; 	.  ; 	.  ; 	.  ; 	.  ; 	.  ; 	.  
394;DEE04;15081;ST;;;3;Altmarkkreis Salzwedel; 	.  ; 	.  ; 	.  ; 	.  ; 	.  ; 	.  ; 	.  ; 	.  ; 	.  ; 	.  ; 	.  ; 	.  ; 	.  ; 	.  ; 	.  ; 	.  ; 	.  ; 	.  ; 	.  ; 	.  ; 	.  ; 	.  ; 	.  ; 	.  
395;DEE05;15082;ST;;;3;Anhalt-Bitterfeld, Landkreis; 	.  ; 	.  ; 	.  ; 	.  ; 	.  ; 	.  ; 	.  ; 	.  ; 	.  ; 	.  ; 	.  ; 	.  ; 	.  ; 	.  ; 	.  ; 	.  ; 	.  ; 	.  ; 	.  ; 	.  ; 	.  ; 	.  ; 	.  ; 	.  
396;DEE06;15086;ST;;;3;Jerichower Land, Landkreis; 	.  ; 	.  ; 	.  ; 	.  ; 	.  ; 	.  ; 	.  ; 	.  ; 	.  ; 	.  ; 	.  ; 	.  ; 	.  ; 	.  ; 	.  ; 	.  ; 	.  ; 	.  ; 	.  ; 	.  ; 	.  ; 	.  ; 	.  ; 	.  
397;DEE07;15083;ST;;;3;Börde, Landkreis; 	.  ; 	.  ; 	.  ; 	.  ; 	.  ; 	.  ; 	.  ; 	.  ; 	.  ; 	.  ; 	.  ; 	.  ; 	.  ; 	.  ; 	.  ; 	.  ; 	.  ; 	.  ; 	.  ; 	.  ; 	.  ; 	.  ; 	.  ; 	.  
398;DEE08;15084;ST;;;3;Burgenlandkreis; 	.  ; 	.  ; 	.  ; 	.  ; 	.  ; 	.  ; 	.  ; 	.  ; 	.  ; 	.  ; 	.  ; 	.  ; 	.  ; 	.  ; 	.  ; 	.  ; 	.  ; 	.  ; 	.  ; 	.  ; 	.  ; 	.  ; 	.  ; 	.  
399;DEE09;15085;ST;;;3;Harz, Landkreis; 	.  ; 	.  ; 	.  ; 	.  ; 	.  ; 	.  ; 	.  ; 	.  ; 	.  ; 	.  ; 	.  ; 	.  ; 	.  ; 	.  ; 	.  ; 	.  ; 	.  ; 	.  ; 	.  ; 	.  ; 	.  ; 	.  ; 	.  ; 	.  
400;DEE0A;15087;ST;;;3;Mansfeld-Südharz, Landkreis; 	.  ; 	.  ; 	.  ; 	.  ; 	.  ; 	.  ; 	.  ; 	.  ; 	.  ; 	.  ; 	.  ; 	.  ; 	.  ; 	.  ; 	.  ; 	.  ; 	.  ; 	.  ; 	.  ; 	.  ; 	.  ; 	.  ; 	.  ; 	.  
401;DEE0B;15088;ST;;;3;Saalekreis; 	.  ; 	.  ; 	.  ; 	.  ; 	.  ; 	.  ; 	.  ; 	.  ; 	.  ; 	.  ; 	.  ; 	.  ; 	.  ; 	.  ; 	.  ; 	.  ; 	.  ; 	.  ; 	.  ; 	.  ; 	.  ; 	.  ; 	.  ; 	.  
402;DEE0C;15089;ST;;;3;Salzlandkreis; 	.  ; 	.  ; 	.  ; 	.  ; 	.  ; 	.  ; 	.  ; 	.  ; 	.  ; 	.  ; 	.  ; 	.  ; 	.  ; 	.  ; 	.  ; 	.  ; 	.  ; 	.  ; 	.  ; 	.  ; 	.  ; 	.  ; 	.  ; 	.  
403;DEE0D;15090;ST;;;3;Stendal, Landkreis; 	.  ; 	.  ; 	.  ; 	.  ; 	.  ; 	.  ; 	.  ; 	.  ; 	.  ; 	.  ; 	.  ; 	.  ; 	.  ; 	.  ; 	.  ; 	.  ; 	.  ; 	.  ; 	.  ; 	.  ; 	.  ; 	.  ; 	.  ; 	.  
404;DEE0E;15091;ST;;;3;Wittenberg, Landkreis; 	.  ; 	.  ; 	.  ; 	.  ; 	.  ; 	.  ; 	.  ; 	.  ; 	.  ; 	.  ; 	.  ; 	.  ; 	.  ; 	.  ; 	.  ; 	.  ; 	.  ; 	.  ; 	.  ; 	.  ; 	.  ; 	.  ; 	.  ; 	.  
405;DEF;01;SH;1;2;;Schleswig-Holstein;  9 748  ;  9 947  ;  10 193  ;  10 278  ;  10 337  ;  10 548  ;  10 398  ;  10 476  ;  10 708  ;  11 126  ;  11 525  ;  11 827  ;  12 076  ;  12 169  ;  12 759  ;  13 206  ;  13 817  ;  14 600  ;  15 333  ;  16 263  ;  16 894  ;  17 631  ;  18 546  ;  19 776  
406;DEF01;01001;SH;;;3;Flensburg, Kreisfreie Stadt; 	.  ; 	.  ; 	.  ; 	.  ; 	.  ; 	.  ; 	.  ; 	.  ; 	.  ; 	.  ; 	.  ; 	.  ; 	.  ; 	.  ; 	.  ; 	.  ; 	.  ; 	.  ; 	.  ; 	.  ; 	.  ; 	.  ; 	.  ; 	.  
407;DEF02;01002;SH;;;3;Kiel, Landeshauptstadt, Kreisfreie Stadt; 	.  ; 	.  ; 	.  ; 	.  ; 	.  ; 	.  ; 	.  ; 	.  ; 	.  ; 	.  ; 	.  ; 	.  ; 	.  ; 	.  ; 	.  ; 	.  ; 	.  ; 	.  ; 	.  ; 	.  ; 	.  ; 	.  ; 	.  ; 	.  
408;DEF03;01003;SH;;;3;Lübeck, Hansestadt, Kreisfreie Stadt; 	.  ; 	.  ; 	.  ; 	.  ; 	.  ; 	.  ; 	.  ; 	.  ; 	.  ; 	.  ; 	.  ; 	.  ; 	.  ; 	.  ; 	.  ; 	.  ; 	.  ; 	.  ; 	.  ; 	.  ; 	.  ; 	.  ; 	.  ; 	.  
409;DEF04;01004;SH;;;3;Neumünster, Kreisfreie Stadt; 	.  ; 	.  ; 	.  ; 	.  ; 	.  ; 	.  ; 	.  ; 	.  ; 	.  ; 	.  ; 	.  ; 	.  ; 	.  ; 	.  ; 	.  ; 	.  ; 	.  ; 	.  ; 	.  ; 	.  ; 	.  ; 	.  ; 	.  ; 	.  
410;DEF05;01051;SH;;;3;Dithmarschen, Kreis; 	.  ; 	.  ; 	.  ; 	.  ; 	.  ; 	.  ; 	.  ; 	.  ; 	.  ; 	.  ; 	.  ; 	.  ; 	.  ; 	.  ; 	.  ; 	.  ; 	.  ; 	.  ; 	.  ; 	.  ; 	.  ; 	.  ; 	.  ; 	.  
411;DEF06;01053;SH;;;3;Herzogtum Lauenburg, Kreis; 	.  ; 	.  ; 	.  ; 	.  ; 	.  ; 	.  ; 	.  ; 	.  ; 	.  ; 	.  ; 	.  ; 	.  ; 	.  ; 	.  ; 	.  ; 	.  ; 	.  ; 	.  ; 	.  ; 	.  ; 	.  ; 	.  ; 	.  ; 	.  
412;DEF07;01054;SH;;;3;Nordfriesland, Kreis; 	.  ; 	.  ; 	.  ; 	.  ; 	.  ; 	.  ; 	.  ; 	.  ; 	.  ; 	.  ; 	.  ; 	.  ; 	.  ; 	.  ; 	.  ; 	.  ; 	.  ; 	.  ; 	.  ; 	.  ; 	.  ; 	.  ; 	.  ; 	.  
413;DEF08;01055;SH;;;3;Ostholstein, Kreis; 	.  ; 	.  ; 	.  ; 	.  ; 	.  ; 	.  ; 	.  ; 	.  ; 	.  ; 	.  ; 	.  ; 	.  ; 	.  ; 	.  ; 	.  ; 	.  ; 	.  ; 	.  ; 	.  ; 	.  ; 	.  ; 	.  ; 	.  ; 	.  
414;DEF09;01056;SH;;;3;Pinneberg, Kreis; 	.  ; 	.  ; 	.  ; 	.  ; 	.  ; 	.  ; 	.  ; 	.  ; 	.  ; 	.  ; 	.  ; 	.  ; 	.  ; 	.  ; 	.  ; 	.  ; 	.  ; 	.  ; 	.  ; 	.  ; 	.  ; 	.  ; 	.  ; 	.  
415;DEF0A;01057;SH;;;3;Plön, Kreis; 	.  ; 	.  ; 	.  ; 	.  ; 	.  ; 	.  ; 	.  ; 	.  ; 	.  ; 	.  ; 	.  ; 	.  ; 	.  ; 	.  ; 	.  ; 	.  ; 	.  ; 	.  ; 	.  ; 	.  ; 	.  ; 	.  ; 	.  ; 	.  
416;DEF0B;01058;SH;;;3;Rendsburg-Eckernförde, Kreis; 	.  ; 	.  ; 	.  ; 	.  ; 	.  ; 	.  ; 	.  ; 	.  ; 	.  ; 	.  ; 	.  ; 	.  ; 	.  ; 	.  ; 	.  ; 	.  ; 	.  ; 	.  ; 	.  ; 	.  ; 	.  ; 	.  ; 	.  ; 	.  
417;DEF0C;01059;SH;;;3;Schleswig-Flensburg, Kreis; 	.  ; 	.  ; 	.  ; 	.  ; 	.  ; 	.  ; 	.  ; 	.  ; 	.  ; 	.  ; 	.  ; 	.  ; 	.  ; 	.  ; 	.  ; 	.  ; 	.  ; 	.  ; 	.  ; 	.  ; 	.  ; 	.  ; 	.  ; 	.  
418;DEF0D;01060;SH;;;3;Segeberg, Kreis; 	.  ; 	.  ; 	.  ; 	.  ; 	.  ; 	.  ; 	.  ; 	.  ; 	.  ; 	.  ; 	.  ; 	.  ; 	.  ; 	.  ; 	.  ; 	.  ; 	.  ; 	.  ; 	.  ; 	.  ; 	.  ; 	.  ; 	.  ; 	.  
419;DEF0E;01061;SH;;;3;Steinburg, Kreis; 	.  ; 	.  ; 	.  ; 	.  ; 	.  ; 	.  ; 	.  ; 	.  ; 	.  ; 	.  ; 	.  ; 	.  ; 	.  ; 	.  ; 	.  ; 	.  ; 	.  ; 	.  ; 	.  ; 	.  ; 	.  ; 	.  ; 	.  ; 	.  
420;DEF0F;01062;SH;;;3;Stormarn, Kreis; 	.  ; 	.  ; 	.  ; 	.  ; 	.  ; 	.  ; 	.  ; 	.  ; 	.  ; 	.  ; 	.  ; 	.  ; 	.  ; 	.  ; 	.  ; 	.  ; 	.  ; 	.  ; 	.  ; 	.  ; 	.  ; 	.  ; 	.  ; 	.  
421;DEG;16;TH;1;2;;Thüringen;  7 160  ;  7 321  ;  7 574  ;  7 709  ;  7 800  ;  7 885  ;  7 885  ;  7 905  ;  8 252  ;  8 712  ;  8 968  ;  9 032  ;  9 226  ;  9 506  ;  9 945  ;  10 267  ;  10 718  ;  11 227  ;  11 506  ;  12 015  ;  12 428  ;  12 871  ;  13 582  ;  14 528  
422;DEG01;16051;TH;;;3;Erfurt, Kreisfreie Stadt; 	.  ; 	.  ; 	.  ; 	.  ; 	.  ; 	.  ; 	.  ; 	.  ; 	.  ; 	.  ; 	.  ; 	.  ; 	.  ; 	.  ; 	.  ; 	.  ; 	.  ; 	.  ; 	.  ; 	.  ; 	.  ; 	.  ; 	.  ; 	.  
423;DEG02;16052;TH;;;3;Gera, Kreisfreie Stadt; 	.  ; 	.  ; 	.  ; 	.  ; 	.  ; 	.  ; 	.  ; 	.  ; 	.  ; 	.  ; 	.  ; 	.  ; 	.  ; 	.  ; 	.  ; 	.  ; 	.  ; 	.  ; 	.  ; 	.  ; 	.  ; 	.  ; 	.  ; 	.  
424;DEG03;16053;TH;;;3;Jena, Kreisfreie Stadt; 	.  ; 	.  ; 	.  ; 	.  ; 	.  ; 	.  ; 	.  ; 	.  ; 	.  ; 	.  ; 	.  ; 	.  ; 	.  ; 	.  ; 	.  ; 	.  ; 	.  ; 	.  ; 	.  ; 	.  ; 	.  ; 	.  ; 	.  ; 	.  
425;DEG05;16055;TH;;;3;Weimar, Kreisfreie Stadt; 	.  ; 	.  ; 	.  ; 	.  ; 	.  ; 	.  ; 	.  ; 	.  ; 	.  ; 	.  ; 	.  ; 	.  ; 	.  ; 	.  ; 	.  ; 	.  ; 	.  ; 	.  ; 	.  ; 	.  ; 	.  ; 	.  ; 	.  ; 	.  
426;DEG06x;16061;TH;;;3;Eichsfeld, Landkreis; 	.  ; 	.  ; 	.  ; 	.  ; 	.  ; 	.  ; 	.  ; 	.  ; 	.  ; 	.  ; 	.  ; 	.  ; 	.  ; 	.  ; 	.  ; 	.  ; 	.  ; 	.  ; 	.  ; 	.  ; 	.  ; 	.  ; 	.  ; 	.  
427;DEG07;16062;TH;;;3;Nordhausen, Landkreis; 	.  ; 	.  ; 	.  ; 	.  ; 	.  ; 	.  ; 	.  ; 	.  ; 	.  ; 	.  ; 	.  ; 	.  ; 	.  ; 	.  ; 	.  ; 	.  ; 	.  ; 	.  ; 	.  ; 	.  ; 	.  ; 	.  ; 	.  ; 	.  
428;DEG09x;16064;TH;;;3;Unstrut-Hainich-Kreis; 	.  ; 	.  ; 	.  ; 	.  ; 	.  ; 	.  ; 	.  ; 	.  ; 	.  ; 	.  ; 	.  ; 	.  ; 	.  ; 	.  ; 	.  ; 	.  ; 	.  ; 	.  ; 	.  ; 	.  ; 	.  ; 	.  ; 	.  ; 	.  
429;DEG0A;16065;TH;;;3;Kyffhäuserkreis; 	.  ; 	.  ; 	.  ; 	.  ; 	.  ; 	.  ; 	.  ; 	.  ; 	.  ; 	.  ; 	.  ; 	.  ; 	.  ; 	.  ; 	.  ; 	.  ; 	.  ; 	.  ; 	.  ; 	.  ; 	.  ; 	.  ; 	.  ; 	.  
430;DEG0C;16067;TH;;;3;Gotha, Landkreis; 	.  ; 	.  ; 	.  ; 	.  ; 	.  ; 	.  ; 	.  ; 	.  ; 	.  ; 	.  ; 	.  ; 	.  ; 	.  ; 	.  ; 	.  ; 	.  ; 	.  ; 	.  ; 	.  ; 	.  ; 	.  ; 	.  ; 	.  ; 	.  
431;DEG0D;16068;TH;;;3;Sömmerda, Landkreis; 	.  ; 	.  ; 	.  ; 	.  ; 	.  ; 	.  ; 	.  ; 	.  ; 	.  ; 	.  ; 	.  ; 	.  ; 	.  ; 	.  ; 	.  ; 	.  ; 	.  ; 	.  ; 	.  ; 	.  ; 	.  ; 	.  ; 	.  ; 	.  
432;DEG0E;16069;TH;;;3;Hildburghausen, Landkreis; 	.  ; 	.  ; 	.  ; 	.  ; 	.  ; 	.  ; 	.  ; 	.  ; 	.  ; 	.  ; 	.  ; 	.  ; 	.  ; 	.  ; 	.  ; 	.  ; 	.  ; 	.  ; 	.  ; 	.  ; 	.  ; 	.  ; 	.  ; 	.  
433;DEG0G;16071;TH;;;3;Weimarer Land, Landkreis; 	.  ; 	.  ; 	.  ; 	.  ; 	.  ; 	.  ; 	.  ; 	.  ; 	.  ; 	.  ; 	.  ; 	.  ; 	.  ; 	.  ; 	.  ; 	.  ; 	.  ; 	.  ; 	.  ; 	.  ; 	.  ; 	.  ; 	.  ; 	.  
434;DEG0J;16074;TH;;;3;Saale-Holzland-Kreis; 	.  ; 	.  ; 	.  ; 	.  ; 	.  ; 	.  ; 	.  ; 	.  ; 	.  ; 	.  ; 	.  ; 	.  ; 	.  ; 	.  ; 	.  ; 	.  ; 	.  ; 	.  ; 	.  ; 	.  ; 	.  ; 	.  ; 	.  ; 	.  
435;DEG0K;16075;TH;;;3;Saale-Orla-Kreis; 	.  ; 	.  ; 	.  ; 	.  ; 	.  ; 	.  ; 	.  ; 	.  ; 	.  ; 	.  ; 	.  ; 	.  ; 	.  ; 	.  ; 	.  ; 	.  ; 	.  ; 	.  ; 	.  ; 	.  ; 	.  ; 	.  ; 	.  ; 	.  
436;DEG0L;16076;TH;;;3;Greiz, Landkreis; 	.  ; 	.  ; 	.  ; 	.  ; 	.  ; 	.  ; 	.  ; 	.  ; 	.  ; 	.  ; 	.  ; 	.  ; 	.  ; 	.  ; 	.  ; 	.  ; 	.  ; 	.  ; 	.  ; 	.  ; 	.  ; 	.  ; 	.  ; 	.  
437;DEG0M;16077;TH;;;3;Altenburger Land, Landkreis; 	.  ; 	.  ; 	.  ; 	.  ; 	.  ; 	.  ; 	.  ; 	.  ; 	.  ; 	.  ; 	.  ; 	.  ; 	.  ; 	.  ; 	.  ; 	.  ; 	.  ; 	.  ; 	.  ; 	.  ; 	.  ; 	.  ; 	.  ; 	.  
438;DEG0Q;16066;TH;;;3;Schmalkalden-Meiningen, Landkreis; 	.  ; 	.  ; 	.  ; 	.  ; 	.  ; 	.  ; 	.  ; 	.  ; 	.  ; 	.  ; 	.  ; 	.  ; 	.  ; 	.  ; 	.  ; 	.  ; 	.  ; 	.  ; 	.  ; 	.  ; 	.  ; 	.  ; 	.  ; 	.  
439;DEG0Rx;16063;TH;;;3;Wartburgkreis; 	.  ; 	.  ; 	.  ; 	.  ; 	.  ; 	.  ; 	.  ; 	.  ; 	.  ; 	.  ; 	.  ; 	.  ; 	.  ; 	.  ; 	.  ; 	.  ; 	.  ; 	.  ; 	.  ; 	.  ; 	.  ; 	.  ; 	.  ; 	.  
440;DEG0S;16054;TH;;;3;Suhl, Kreisfreie Stadt; 	.  ; 	.  ; 	.  ; 	.  ; 	.  ; 	.  ; 	.  ; 	.  ; 	.  ; 	.  ; 	.  ; 	.  ; 	.  ; 	.  ; 	.  ; 	.  ; 	.  ; 	.  ; 	.  ; 	.  ; 	.  ; 	.  ; 	.  ; 	.  
441;DEG0T;16070;TH;;;3;Ilm-Kreis; 	.  ; 	.  ; 	.  ; 	.  ; 	.  ; 	.  ; 	.  ; 	.  ; 	.  ; 	.  ; 	.  ; 	.  ; 	.  ; 	.  ; 	.  ; 	.  ; 	.  ; 	.  ; 	.  ; 	.  ; 	.  ; 	.  ; 	.  ; 	.  
442;DEG0U;16073;TH;;;3;Saalfeld-Rudolstadt, Landkreis; 	.  ; 	.  ; 	.  ; 	.  ; 	.  ; 	.  ; 	.  ; 	.  ; 	.  ; 	.  ; 	.  ; 	.  ; 	.  ; 	.  ; 	.  ; 	.  ; 	.  ; 	.  ; 	.  ; 	.  ; 	.  ; 	.  ; 	.  ; 	.  
443;DEG0V;16072;TH;;;3;Sonneberg, Landkreis; 	.  ; 	.  ; 	.  ; 	.  ; 	.  ; 	.  ; 	.  ; 	.  ; 	.  ; 	.  ; 	.  ; 	.  ; 	.  ; 	.  ; 	.  ; 	.  ; 	.  ; 	.  ; 	.  ; 	.  ; 	.  ; 	.  ; 	.  ; 	.  
444;DE;17;D;0;;;Deutschland;  270 030  ;  276 414  ;  284 917  ;  288 951  ;  290 036  ;  289 192  ;  290 570  ;  293 068  ;  303 695  ;  321 021  ;  332 045  ;  340 340  ;  350 938  ;  363 641  ;  378 540  ;  394 549  ;  413 777  ;  434 449  ;  453 731  ;  479 133  ;  500 519  ;  523 045  ;  546 066  ;  579 081  
