2    Bruttolöhne und -gehälter (Inlandskonzept);;;;;;;;;;;;;;;;;;;;;;;;;;;;;;;
2.1.1  insgesamt (A-T);;;;;;;;;;;;;;;;;;;;;;;;;;;;;;;
Veränderung gegenüber dem Vorjahr in %;;;;;;;;;;;;;;;;;;;;;;;;;;;;;;;
;;;;;;;Zurück zum Inhaltsverzeichnis;;;;;;;;;;;;;;;;;;;;;;;;
Lfd. Nr.;EU-Code;Regional-schlüssel;Land;NUTS 1;NUTS 2;NUTS 3;Gebietseinheit;2000;2001;2002;2003;2004;2005;2006;2007;2008;2009;2010;2011;2012;2013;2014;2015;2016;2017;2018;2019;2020;2021;2022;2023
;;;;;;;;;;;;;;;;;;;;;;;;;;;;;;;
1;DE1;08;BW;1;;;Baden-Württemberg;.; 3,4; 1,5; 0,9; 0,9; 0,4; 2,3; 3,5; 3,9;– 2,0; 3,5; 5,4; 4,8; 3,8; 3,7; 4,4; 4,3; 4,7; 4,7; 4,0;– 2,2; 3,9; 5,6; 7,5
2;DE11;081;BW;;2;;Stuttgart, Regierungsbezirk;.; 3,7; 1,9; 1,3; 0,9; 0,0; 2,6; 3,1; 3,7;– 2,8; 3,1; 6,1; 5,4; 4,0; 3,5; 5,0; 4,5; 4,9; 5,2; 3,8;– 2,9; 3,8; 5,5; 7,8
3;DE111;08111;BW;;;3;Stuttgart, Landeshauptstadt, Stadtkreis;.; 4,0; 2,6; 2,2; 0,3; 0,5; 2,3; 2,7; 1,9;– 2,0; 1,1; 5,5; 5,4; 3,8; 4,3; 5,0; 3,3; 5,6; 5,4; 3,5;– 2,3; 4,2; 5,6; 6,2
4;DE112;08115;BW;;;3;Böblingen, Landkreis;.; 6,2; 3,2; 2,9; 1,7;– 1,6; 5,4;– 1,0; 2,3;– 4,3; 6,1; 7,1; 5,3; 4,0;– 0,0; 6,2; 6,0; 5,1; 4,9; 3,9;– 5,0; 2,9; 6,5; 9,2
5;DE113;08116;BW;;;3;Esslingen, Landkreis;.; 3,5; 1,5; 1,3; 1,2; 0,3; 2,0; 3,1; 4,2;– 4,2; 2,8; 5,1; 5,5; 4,8; 3,8; 5,8; 5,3; 4,1; 4,6; 3,4;– 4,2; 4,3; 6,9; 8,7
6;DE114;08117;BW;;;3;Göppingen, Landkreis;.; 1,3; 0,0; 1,0;– 0,4;– 2,2; 1,3; 3,8; 3,6;– 5,3; 2,4; 5,7; 6,4; 4,8; 5,5; 4,3; 3,1; 5,5; 3,2; 0,7;– 4,5; 3,5; 3,6; 5,6
7;DE115;08118;BW;;;3;Ludwigsburg, Landkreis;.; 3,6; 3,0; 1,3; 0,9; 0,2; 2,7; 3,9; 5,1;– 2,3; 2,9; 5,9; 5,6; 4,8; 3,0; 4,9; 4,3; 3,8; 5,6; 5,1;– 4,1; 4,4; 4,1; 10,4
8;DE116;08119;BW;;;3;Rems-Murr-Kreis;.; 2,8; 0,8;– 0,3; 0,3;– 0,1; 1,6; 3,3; 4,1;– 4,8; 3,2; 6,2; 4,2; 4,2; 2,5; 4,3; 4,6; 5,5; 5,0; 3,7;– 2,4; 2,4; 3,8; 6,5
9;DE117;08121;BW;;;3;Heilbronn, Stadtkreis;.; 0,8; 0,5; 0,9;– 0,4; 0,4; 2,8; 4,4; 2,4;– 0,9; 4,9; 4,9; 3,7; 3,2; 5,2; 3,2; 4,9; 4,6; 6,2; 3,6; 0,2; 4,2; 5,9; 6,8
10;DE118;08125;BW;;;3;Heilbronn, Landkreis;.; 5,1; 2,4; 1,0; 3,6; 0,6; 1,8; 5,1; 7,7;– 1,8; 3,6; 9,5; 7,0; 3,6; 5,0; 7,2; 5,8; 4,6; 6,4; 4,0;– 3,0; 3,3; 6,5; 8,7
11;DE119;08126;BW;;;3;Hohenlohekreis;.; 3,4;– 0,1; 1,6; 1,4; 0,8; 3,1; 5,1; 5,8;– 1,4; 5,7; 6,8; 5,6; 5,3; 4,7; 5,4; 4,5; 5,5; 5,3; 4,7;– 1,1; 4,4; 5,8; 8,4
12;DE11A;08127;BW;;;3;Schwäbisch Hall, Landkreis;.; 3,4; 0,2;– 3,6; 1,4; 0,9; 3,7; 4,3; 4,0;– 0,8; 3,8; 6,2; 5,2; 4,7; 4,4; 3,0; 5,6; 4,7; 6,1; 4,4; 0,3; 3,9; 5,9; 7,9
13;DE11B;08128;BW;;;3;Main-Tauber-Kreis;.; 1,8; 0,5; 0,9; 2,2; 1,8; 0,3; 3,9; 2,3; 0,8; 4,0; 5,5; 5,1; 3,6; 3,5; 3,3; 3,9; 5,6; 5,3; 4,2;– 2,2; 2,6; 5,9; 7,2
14;DE11C;08135;BW;;;3;Heidenheim, Landkreis;.; 3,4; 1,2;– 1,4; 0,9; 0,4; 2,3; 3,1; 6,5;– 0,7; 1,7; 3,3; 5,4;– 3,0; 1,3; 3,1; 4,9; 3,1; 4,2; 4,7;– 1,9; 3,3; 4,6; 5,5
15;DE11D;08136;BW;;;3;Ostalbkreis;.; 2,8; 1,6; 1,5; 1,0;– 0,6; 2,9; 5,3; 4,8;– 3,1; 5,6; 7,0; 5,7; 4,8; 3,7; 4,0; 4,1; 4,7; 4,9; 3,9;– 2,2; 4,1; 5,4; 9,1
16;DE12;082;BW;;2;;Karlsruhe, Regierungsbezirk;.; 3,0; 0,9; 0,5; 1,1; 0,8; 1,7; 3,3; 4,0;– 1,1; 3,5; 4,5; 4,0; 3,3; 3,9; 3,7; 3,8; 4,6; 3,8; 4,2;– 1,6; 3,8; 5,6; 7,2
17;DE121;08211;BW;;;3;Baden-Baden, Stadtkreis;.; 3,0; 1,6; 1,6; 3,5; 2,5; 1,4; 3,3; 2,6; 4,9; 1,4; 4,0; 5,9;– 3,2; 3,8; 3,0; 2,3; 4,2; 4,4; 3,5;– 1,8; 3,7; 6,0; 4,5
18;DE122;08212;BW;;;3;Karlsruhe, Stadtkreis;.; 3,3; 0,3;– 0,4; 1,1; 1,2; 1,7; 1,6; 2,9; 1,6; 3,0; 4,2; 3,4; 3,1; 6,5; 4,2; 4,2; 3,6; 3,1; 3,0; 0,2; 4,4; 5,3; 7,4
19;DE123;08215;BW;;;3;Karlsruhe, Landkreis;.; 4,0; 1,3; 1,1; 1,5; 0,4; 3,5; 4,4; 3,9;– 1,2; 3,2; 3,6; 3,6; 3,4; 6,0; 4,7; 3,6; 4,5; 3,8; 4,8;– 0,5; 3,3; 4,0; 6,4
20;DE124;08216;BW;;;3;Rastatt, Landkreis;.; 2,4; 1,1; 1,3; 4,7; 4,4; 2,6; 1,9; 1,6;– 6,3; 5,9; 7,4; 4,0; 4,6; 2,3; 3,2; 2,6; 4,7; 5,1; 6,5;– 7,3; 1,9; 5,4; 5,0
21;DE125;08221;BW;;;3;Heidelberg, Stadtkreis;.; 3,5; 1,4; 0,6;– 0,4;– 0,1; 2,0; 3,0; 6,1; 0,8; 4,6; 3,4; 4,1; 3,6; 2,3; 4,1; 3,4; 3,8; 4,0; 3,8; 0,7; 4,7; 6,6; 9,1
22;DE126;08222;BW;;;3;Mannheim, Universitätsstadt, Stadtkreis;.; 2,9; 1,5; 0,6;– 0,7; 0,2; 0,3; 3,7; 4,4; 0,9; 3,4; 3,6; 4,1; 3,1; 4,2; 2,7; 3,5; 5,2; 2,1; 2,8;– 1,8; 3,2; 6,2; 8,3
23;DE127;08225;BW;;;3;Neckar-Odenwald-Kreis;.; 0,7; 0,1; 0,4; 0,2;– 0,6;– 0,5; 3,6; 1,1;– 1,7; 1,0; 4,8; 4,1; 3,1; 1,6; 3,6; 2,5; 3,2; 3,5; 4,1;– 1,9; 4,4; 5,5; 6,2
24;DE128;08226;BW;;;3;Rhein-Neckar-Kreis;.; 4,3; 1,3; 0,6; 1,9; 1,1; 2,0; 5,0; 5,6;– 2,4; 3,2; 4,3; 4,2; 4,4; 2,6; 4,2; 4,8; 5,2; 5,3; 5,1;– 1,3; 4,1; 6,1; 7,9
25;DE129;08231;BW;;;3;Pforzheim, Stadtkreis;.; 0,2;– 0,0; 0,1; 0,7;– 0,2; 0,7; 2,4; 4,2;– 1,8; 3,8; 4,8; 4,1; 4,5; 1,1; 0,9; 3,4; 4,2; 3,3; 4,5;– 1,8; 4,1; 4,6; 6,4
26;DE12A;08235;BW;;;3;Calw, Landkreis;.; 1,9; 1,3; 0,8; 0,3;– 1,2; 1,1; 2,4; 4,7;– 2,0; 4,2; 5,6; 5,1; 2,8; 3,1; 3,2; 4,3; 5,6; 4,3; 5,5; 0,0; 3,0; 5,3; 6,3
27;DE12B;08236;BW;;;3;Enzkreis;.; 3,9;– 0,3; 0,1; 1,5; 0,9; 1,6; 3,9; 4,5;– 5,7; 2,2; 7,6; 4,4; 3,7; 4,0; 5,1; 4,5; 5,6; 4,7; 4,3;– 4,4; 4,5; 5,3; 6,7
28;DE12C;08237;BW;;;3;Freudenstadt, Landkreis;.; 2,1; 0,4;– 0,3; 0,7; 0,2; 3,6; 4,2; 4,0;– 4,9; 4,9; 4,8; 2,8; 1,7; 3,5; 3,1; 4,2; 5,7; 4,5; 4,9;– 3,5; 4,7; 6,5; 7,0
29;DE13;083;BW;;2;;Freiburg, Regierungsbezirk;.; 3,4; 0,9; 0,6; 0,9; 0,2; 2,3; 3,6; 3,9;– 1,7; 4,0; 5,1; 4,7; 3,5; 4,4; 4,2; 4,1; 4,7; 4,5; 4,1;– 2,0; 3,6; 5,9; 7,0
30;DE131;08311;BW;;;3;Freiburg im Breisgau, Stadtkreis;.; 4,2; 3,1; 0,4; 0,5; 1,0; 2,3; 3,3; 4,2; 3,0; 3,0; 4,0; 5,1; 3,9; 4,6; 3,8; 4,2; 4,8; 3,8; 5,4; 0,9; 4,5; 6,2; 6,9
31;DE132;08315;BW;;;3;Breisgau-Hochschwarzwald, Landkreis;.; 2,4; 1,6; 0,7; 1,2;– 2,4; 1,6; 3,4; 5,5; 0,3; 4,2; 6,6; 5,2; 4,4; 4,5; 4,5; 5,8; 4,3; 4,9; 5,1;– 1,9; 4,2; 5,4; 8,3
32;DE133;08316;BW;;;3;Emmendingen, Landkreis;.; 4,0; 0,4;– 0,8; 0,4;– 0,5; 3,1; 3,5; 5,5;– 2,3; 5,2; 6,2; 4,9; 5,0; 4,3; 4,8; 4,9; 5,3; 6,4; 2,9; 0,8; 3,9; 6,2; 8,1
33;DE134;08317;BW;;;3;Ortenaukreis;.; 3,6; 0,9; 0,9; 0,6;– 0,4; 2,0; 3,5; 4,3;– 2,6; 4,6; 4,8; 4,1; 3,4; 3,5; 3,7; 4,2; 4,7; 4,8; 4,5;– 2,1; 4,0; 6,1; 6,6
34;DE135;08325;BW;;;3;Rottweil, Landkreis;.; 4,2;– 0,8; 0,8; 0,7; 0,0; 2,1; 4,2; 3,8;– 5,8; 5,6; 7,1; 2,4; 3,6; 2,7; 4,1; 3,3; 5,1; 5,3; 4,1;– 4,3; 3,1; 6,2; 8,4
35;DE136;08326;BW;;;3;Schwarzwald-Baar-Kreis;.; 4,6; 0,3; 0,0; 0,5; 0,2; 2,3; 4,1; 3,3;– 3,1; 4,6; 5,3; 2,4; 2,4; 7,9; 4,6; 3,3; 4,9; 5,0; 3,0;– 4,0; 4,0; 4,5; 6,4
36;DE137;08327;BW;;;3;Tuttlingen, Landkreis;.; 4,5; 1,5; 1,5; 2,0; 2,8; 3,8; 5,6; 5,2;– 5,7; 5,4; 8,0; 5,9; 3,7; 5,9; 4,3; 3,5; 5,9; 5,6; 3,4;– 4,9; 2,9; 6,6; 8,2
37;DE138;08335;BW;;;3;Konstanz, Landkreis;.; 2,7;– 1,2; 0,1; 2,0; 0,7; 2,0; 3,2; 1,7;– 1,3; 3,0; 3,7; 8,0; 2,1; 3,6; 4,5; 4,7; 4,7; 3,5; 4,4;– 1,2; 3,3; 6,5; 6,5
38;DE139;08336;BW;;;3;Lörrach, Landkreis;.; 1,1; 1,1; 1,8; 0,6; 0,3; 2,1; 2,8; 3,4;– 0,8; 2,4; 4,3; 4,6; 3,6; 4,0; 4,8; 2,4; 4,8; 3,6; 2,5;– 2,7; 1,8; 5,6; 5,7
39;DE13A;08337;BW;;;3;Waldshut, Landkreis;.; 2,2; 1,3;– 0,1; 0,5;– 0,2; 2,8; 2,7; 2,2;– 2,7; 3,9; 3,6; 3,7; 4,6; 3,1; 3,5; 4,7; 2,7; 3,6; 3,6;– 2,8; 2,7; 4,8; 6,1
40;DE14;084;BW;;2;;Tübingen, Regierungsbezirk;.; 3,6; 2,2; 0,9; 0,6; 1,1; 2,4; 4,6; 4,2;– 1,7; 3,7; 5,5; 4,7; 4,1; 3,3; 4,2; 4,7; 4,2; 4,8; 4,4;– 1,5; 4,7; 5,4; 7,5
41;DE141;08415;BW;;;3;Reutlingen, Landkreis;.; 1,5; 2,9; 1,0; 1,2; 0,5; 2,2; 3,9; 3,2;– 3,9; 3,5; 4,7; 4,8; 5,0; 7,6; 3,4; 4,1; 4,1; 3,8; 4,5;– 3,6; 4,6; 5,3; 7,4
42;DE142;08416;BW;;;3;Tübingen, Landkreis;.; 6,3; 1,1; 0,3; 0,8; 0,3; 1,2; 3,3; 5,4;– 0,6; 2,2; 5,3; 6,9; 5,2; 2,3; 5,5; 6,9; 5,5; 5,1; 4,0; 0,7; 6,1; 6,4; 7,2
43;DE143;08417;BW;;;3;Zollernalbkreis;.; 2,1;– 0,0;– 2,0; 0,1; 0,0; 2,5; 4,2; 2,6;– 3,7; 4,2; 5,7; 3,0; 2,4; 2,2; 4,0; 3,8; 3,9; 4,6; 4,3;– 1,8; 4,5; 5,9; 5,2
44;DE144;08421;BW;;;3;Ulm, Universitätsstadt, Stadtkreis;.; 3,0; 2,7; 0,9; 0,4; 4,9; 2,5; 7,1; 2,7; 0,1; 2,9; 4,1; 4,0; 4,3; 2,3; 3,6; 4,1; 4,7; 3,5; 3,5;– 1,0; 5,6; 5,8; 8,6
45;DE145;08425;BW;;;3;Alb-Donau-Kreis;.; 3,6; 0,9;– 0,3; 1,1;– 1,1; 1,0; 4,6; 4,1;– 3,8; 5,2; 6,3; 3,7; 2,0; 4,1; 3,6; 4,6; 4,1; 4,6; 4,6;– 0,3; 2,4; 5,0; 6,5
46;DE146;08426;BW;;;3;Biberach, Landkreis;.; 4,4; 2,5; 4,4; 2,2; 1,0; 4,4; 5,6; 7,5;– 0,8; 4,1; 6,0; 5,5; 3,9; 1,5; 4,9; 6,3; 5,8; 4,5; 5,7;– 1,0; 5,1; 5,2; 8,2
47;DE147;08435;BW;;;3;Bodenseekreis;.; 8,5; 4,5; 1,2;– 1,9; 1,1; 2,4; 6,1; 6,0;– 1,5; 3,7; 8,4; 5,6; 5,9; 3,1; 4,0; 4,7; 1,4; 7,2; 4,9;– 4,3; 4,5; 4,2; 9,3
48;DE148;08436;BW;;;3;Ravensburg, Landkreis;.; 3,6; 2,0; 1,2; 1,1; 0,6; 2,2; 2,6; 2,6;– 0,7; 4,8; 6,0; 5,0; 3,6; 4,0; 5,1; 3,6; 4,5; 5,5; 4,5; 0,4; 4,4; 5,9; 7,0
49;DE149;08437;BW;;;3;Sigmaringen, Landkreis;.;– 1,6; 1,6; 0,1; 0,6; 1,7; 2,5; 4,2; 5,1;– 0,7; 3,2; 1,8; 2,7; 2,0; 0,3; 3,6; 5,5; 3,8; 4,2; 3,3;– 0,8; 3,9; 4,7; 5,9
50;DE2;09;BY;1;;;Bayern;.; 3,4; 1,4; 0,3; 1,1; 0,5; 2,2; 4,3; 4,6;– 0,2; 4,0; 5,5; 5,1; 3,8; 4,7; 4,7; 4,7; 4,9; 4,7; 4,6;– 1,2; 3,7; 6,4; 7,6
51;DE21;091;BY;;2;;Oberbayern, Regierungsbezirk;.; 4,6; 0,1; 1,9; 1,3; 1,0; 2,0; 4,6; 9,1;– 0,1; 4,5; 5,0; 5,6; 5,0; 5,1; 6,3; 4,6; 4,8; 4,9; 5,3;– 0,8; 3,7; 7,5; 8,1
52;DE211;09161;BY;;;3;Ingolstadt, Kreisfreie Stadt;.; 6,8; 0,4; 1,4; 2,4; 2,0; 4,8; 6,1; 6,8; 1,9; 2,7; 11,8; 3,6; 14,6; 5,6; 36,3;– 15,9; 2,7; 5,2; 2,1;– 3,9;– 1,1; 7,7; 6,9
53;DE212;09162;BY;;;3;München, Landeshauptstadt, Kreisfreie Stadt;.; 4,7;– 2,8; 4,0; 1,2; 0,8; 0,1; 4,3; 11,6;– 1,9; 5,2; 4,0; 5,5; 5,6; 5,0; 4,4; 6,9; 4,7; 5,0; 6,1;– 0,4; 4,0; 8,4; 8,4
54;DE213;09163;BY;;;3;Rosenheim, Kreisfreie Stadt;.; 4,4; 8,4;– 8,1; 2,9; 1,4; 4,8; 3,6;– 4,7;– 4,7; 5,7; 4,1; 2,9; 4,1; 11,3; 6,2; 4,8; 3,6; 2,5; 3,8;– 4,2; 4,5; 4,6; 7,2
55;DE214;09171;BY;;;3;Altötting, Landkreis;.; 6,2;– 0,6;– 0,4;– 0,3; 1,7; 3,8; 7,0; 0,0;– 0,2; 4,6; 7,4; 3,9;– 1,1; 7,3; 0,8; 3,3; 6,7; 5,9; 5,4;– 1,1; 6,4; 7,1; 7,4
56;DE215;09172;BY;;;3;Berchtesgadener Land, Landkreis;.; 0,5; 4,5;– 2,4; 0,0; 0,7; 2,6; 2,9; 0,0;– 0,4; 3,3; 3,4; 4,9; 1,9; 4,8; 4,8; 5,8; 5,1; 5,9; 5,0;– 1,4; 3,8; 6,3; 6,6
57;DE216;09173;BY;;;3;Bad Tölz-Wolfratshausen, Landkreis;.; 2,6; 4,6;– 3,1;– 1,0;– 0,9;– 0,9; 4,3; 1,0;– 2,1; 0,8; 5,7; 4,7; 3,9; 4,3; 4,0; 1,9; 5,4; 4,4; 4,6;– 0,1; 4,7; 4,4; 6,4
58;DE217;09174;BY;;;3;Dachau, Landkreis;.; 9,3; 6,8;– 1,9;– 0,1;– 1,6; 1,7; 3,1; 3,6; 2,1; 1,9; 6,8; 5,6; 3,9; 8,9; 3,6; 9,5; 6,7; 6,0; 0,9;– 0,1; 4,7; 7,4; 7,0
59;DE218;09175;BY;;;3;Ebersberg, Landkreis;.; 6,4; 6,5; 0,6; 1,0; 0,6; 3,2; 2,8; 8,7;– 0,0; 0,4; 4,1; 2,3; 3,5; 7,4; 5,4; 5,2; 4,8; 4,7; 4,5; 0,5; 5,9; 4,7; 11,1
60;DE219;09176;BY;;;3;Eichstätt, Landkreis;.; 3,5; 5,3; 1,4; 1,6;– 0,2; 0,5; 4,0; 8,2; 4,9; 6,5; 7,3; 6,2; 8,0; 2,1; 6,5; 7,2; 6,2; 6,0; 5,7;– 1,2; 1,6; 6,0; 7,2
61;DE21A;09177;BY;;;3;Erding, Landkreis;.; 1,6; 3,5;– 0,7; 1,8; 0,7; 3,1; 3,4; 3,0; 5,9; 5,5; 9,8; 13,2; 1,6; 2,0; 4,7; 4,7; 4,4; 5,2; 5,1;– 2,6; 0,7; 8,5; 8,8
62;DE21B;09178;BY;;;3;Freising, Landkreis;.; 7,5;– 0,5; 6,4; 1,6; 3,5; 3,0; 5,2; 23,4; 2,0; 3,7; 4,5; 1,7; 2,1; 3,4; 3,1; 6,5; 2,1; 4,0; 4,8;– 4,7;– 0,7; 5,5; 10,6
63;DE21C;09179;BY;;;3;Fürstenfeldbruck, Landkreis;.; 2,3; 10,9;– 7,2; 0,3; 0,8;– 0,4; 4,0; 6,4; 3,9; 3,7; 3,1; 5,5; 2,4; 4,0; 3,7; 5,5; 4,4; 3,8; 6,2; 0,5; 3,5; 6,0; 7,5
64;DE21D;09180;BY;;;3;Garmisch-Partenkirchen, Landkreis;.;– 1,6; 3,1;– 2,6;– 1,4;– 2,3; 1,4; 3,4;– 0,5; 3,8; 4,3; 0,0; 4,7; 1,9; 5,2; 5,3; 5,8; 5,5; 4,1; 5,4;– 2,1; 2,7; 10,0; 5,8
65;DE21E;09181;BY;;;3;Landsberg am Lech, Landkreis;.; 1,6; 4,9;– 1,5; 0,5; 2,6; 4,1; 4,1; 0,2; 1,9; 4,7; 5,6; 4,9; 0,3; 5,6; 6,9; 4,2; 5,1; 4,6; 4,7;– 1,5; 5,3; 7,2; 8,7
66;DE21F;09182;BY;;;3;Miesbach, Landkreis;.; 1,6; 6,3;– 2,7; 2,2;– 0,3; 2,9; 5,7; 8,2; 3,3;– 0,1; 4,8; 4,5; 6,0; 6,6; 2,3; 7,3; 6,9; 4,1; 5,7;– 1,7; 3,7; 7,9; 7,9
67;DE21G;09183;BY;;;3;Mühldorf a.Inn, Landkreis;.; 1,9; 7,0;– 3,1; 0,9;– 2,4; 2,2; 3,2;– 1,2; 1,9; 6,0; 5,4; 5,1; 4,4; 5,6; 5,3; 5,7; 6,2; 4,5; 5,2; 0,1; 4,1; 6,7; 7,2
68;DE21H;09184;BY;;;3;München, Landkreis;.; 6,3;– 6,0; 8,7; 2,3; 1,7; 6,6; 6,9; 17,1; 1,2; 2,5; 4,9; 8,5; 4,0; 3,7; 6,2; 5,8; 5,6; 4,7; 5,2;– 0,3; 5,2; 7,8; 8,2
69;DE21I;09185;BY;;;3;Neuburg-Schrobenhausen, Landkreis;.; 4,0; 5,1;– 1,0; 1,3; 0,1; 5,2; 1,4;– 4,0; 2,7; 4,2; 6,0; 4,1; 2,0; 7,9; 4,0; 4,7; 4,5; 2,8; 4,8;– 0,4; 2,8; 4,3; 6,7
70;DE21J;09186;BY;;;3;Pfaffenhofen a.d.Ilm, Landkreis;.; 4,5; 9,5;– 2,0; 0,8; 0,8; 5,3; 4,1; 0,1; 0,7; 29,5; 6,6; 9,4; 2,3; 5,8; 1,4; 4,1; 6,0; 5,9; 4,0; 2,3; 1,3; 4,9; 6,8
71;DE21K;09187;BY;;;3;Rosenheim, Landkreis;.; 3,2; 6,7;– 3,6; 1,5; 0,1; 1,9; 4,2; 3,4; 1,4; 4,2; 6,6; 5,6; 3,2; 5,3; 3,9; 6,3; 4,8; 4,8; 5,3;– 0,1; 2,9; 6,4; 7,5
72;DE21L;09188;BY;;;3;Starnberg, Landkreis;.; 7,2; 5,2;– 7,7; 0,5; 2,6; 5,9; 4,5; 7,6;– 0,7; 2,7; 5,1; 6,2; 5,8; 5,9; 6,9; 7,7; 6,7; 4,6; 7,8;– 0,2; 6,7; 6,2; 8,4
73;DE21M;09189;BY;;;3;Traunstein, Landkreis;.; 2,0; 3,6;– 1,8; 1,7; 1,3; 2,3; 3,9; 0,3; 1,1; 4,2; 4,5; 4,7; 5,5; 7,8; 3,0; 5,6; 5,6; 4,2; 3,0;– 0,9; 5,8; 6,3; 5,7
74;DE21N;09190;BY;;;3;Weilheim-Schongau, Landkreis;.; 4,8; 6,9;– 1,4; 3,1; 1,2; 2,4; 4,8; 2,1; 0,5; 3,9; 5,5; 4,5; 4,0; 5,1; 2,4; 5,5; 4,9; 5,6; 5,7;– 1,2; 4,5; 4,6; 8,7
75;DE22;092;BY;;2;;Niederbayern, Regierungsbezirk;.; 2,5; 6,1;– 2,3; 1,2; 0,3; 2,3; 3,7; 0,4;– 0,6; 4,3; 6,0; 4,9; 3,8; 4,1; 5,0; 4,4; 5,1; 4,6; 4,4;– 1,5; 3,9; 6,9; 7,9
76;DE221;09261;BY;;;3;Landshut, Kreisfreie Stadt;.; 4,7; 5,0; 0,0; 1,9; 2,0;– 0,1; 3,1; 0,5;– 1,5; 2,3; 5,4; 2,9; 4,5; 5,2; 1,4; 6,7; 5,4; 3,5; 2,5;– 3,1; 3,2; 8,6; 5,7
77;DE222;09262;BY;;;3;Passau, Kreisfreie Stadt;.; 2,8; 1,3; 1,2; 0,9;– 1,4; 4,5; 4,8; 1,7;– 2,1; 3,4; 7,1; 2,7; 5,0; 4,6; 5,7; 1,9; 5,6; 5,9; 5,6;– 2,2; 5,4; 6,5; 6,9
78;DE223;09263;BY;;;3;Straubing, Kreisfreie Stadt;.; 2,2; 4,3; 3,2; 3,4;– 0,0; 2,6; 4,0;– 3,8; 0,6; 6,6; 4,1; 2,0; 4,8; 5,8; 5,2; 5,8; 2,9; 4,0; 4,3; 1,0; 1,5; 4,2; 7,3
79;DE224;09271;BY;;;3;Deggendorf, Landkreis;.; 2,1; 4,1;– 4,4; 1,2;– 0,1; 6,6; 2,9; 3,8; 1,9; 3,9; 4,9; 5,4; 0,4; 7,3; 4,5; 3,2; 4,7; 3,6; 3,5;– 0,4; 4,9; 6,0; 8,4
80;DE225;09272;BY;;;3;Freyung-Grafenau, Landkreis;.;– 0,3; 3,4;– 8,7; 0,8;– 0,4; 2,0; 4,2;– 5,7; 0,5; 1,8; 4,2; 3,1; 5,2; 5,5; 5,8; 6,7; 5,2; 6,1; 6,4; 0,8; 4,0; 9,1; 7,2
81;DE226;09273;BY;;;3;Kelheim, Landkreis;.; 2,6; 9,7;– 4,0; 1,8;– 1,3; 0,7; 3,9; 1,1; 1,2; 4,0; 4,1; 5,2; 6,6; 2,4; 5,3; 2,5; 4,1; 4,3; 5,5;– 0,7; 3,6; 5,8; 7,4
82;DE227;09274;BY;;;3;Landshut, Landkreis;.; 3,2; 8,6;– 2,8; 1,4; 2,0; 3,7; 5,7;– 0,7; 2,6; 4,9; 5,1; 8,3; 3,2; 6,3; 2,1; 6,0; 5,9; 5,9; 5,0;– 0,8; 5,8; 6,1; 7,6
83;DE228;09275;BY;;;3;Passau, Landkreis;.; 3,4; 3,2;– 4,6; 0,6;– 1,6; 2,7; 3,9;– 0,0;– 1,6; 3,4; 6,7; 6,9; 3,6; 1,5; 5,6; 4,3; 6,1; 5,8; 4,5;– 2,7; 4,2; 5,7; 7,0
84;DE229;09276;BY;;;3;Regen, Landkreis;.;– 0,4; 6,6;– 6,0; 0,6; 0,8; 0,8; 4,6;– 8,3; 0,3; 3,1; 8,2; 2,9; 3,7; 9,9; 7,0; 2,0; 5,1; 6,1; 5,7;– 0,2; 3,9; 7,7; 5,6
85;DE22A;09277;BY;;;3;Rottal-Inn, Landkreis;.; 2,8; 5,7;– 2,8;– 0,3;– 0,4; 1,4; 3,1;– 0,8; 4,4; 3,6; 4,6; 5,9;– 0,7; 3,2; 3,5; 3,8; 5,2; 3,9; 4,4; 1,6; 3,3; 7,1; 7,4
86;DE22B;09278;BY;;;3;Straubing-Bogen, Landkreis;.; 0,2; 6,8;– 1,0; 1,5;– 0,3; 1,3; 4,2;– 3,0; 3,6; 3,9; 4,1; 6,7; 2,9; 3,3; 9,6; 4,7; 8,5; 4,9; 5,0;– 1,4; 3,2; 6,9; 8,4
87;DE22C;09279;BY;;;3;Dingolfing-Landau, Landkreis;.; 2,9; 12,4; 0,4; 1,2; 3,2; 0,6; 1,8; 7,6;– 9,0; 7,8; 9,9; 4,4; 6,1;– 0,5; 6,6; 5,1; 3,5; 3,3; 3,1;– 5,1; 2,7; 9,1; 12,6
88;DE23;093;BY;;2;;Oberpfalz, Regierungsbezirk;.; 3,4; 3,7;– 1,0; 1,1; 0,2; 3,0; 4,0; 1,1; 0,8; 3,6; 5,7; 4,4; 3,4; 5,1; 4,4; 5,5; 5,8; 5,2; 3,6;– 1,3; 3,8; 5,6; 7,6
89;DE231;09361;BY;;;3;Amberg, Kreisfreie Stadt;.; 0,9; 0,6; 0,1; 0,4; 2,2; 3,5; 3,9; 0,2; 2,4; 3,1; 5,7; 5,1; 1,2; 6,5; 6,8; 1,9; 5,8; 3,6; 3,6;– 2,4; 3,1; 3,7; 7,2
90;DE232;09362;BY;;;3;Regensburg, Kreisfreie Stadt;.; 5,7; 2,0; 4,0; 2,4; 0,9; 3,5; 4,4; 1,5; 1,1; 3,9; 5,9; 4,6; 4,2; 6,9; 4,5; 7,1; 5,8; 5,4; 1,5;– 2,2; 2,2; 5,5; 7,3
91;DE233;09363;BY;;;3;Weiden i.d.OPf., Kreisfreie Stadt;.;– 0,1; 6,6;– 5,4;– 0,4;– 2,5; 3,8; 3,2; 1,9; 0,3; 2,4; 3,2; 2,7; 2,2; 3,6; 3,7; 6,5; 4,7; 3,7; 3,3;– 1,7; 3,7; 4,9; 4,8
92;DE234;09371;BY;;;3;Amberg-Sulzbach, Landkreis;.; 4,1; 4,9;– 5,0;– 0,4;– 2,2; 1,4; 4,6;– 0,0; 0,3; 0,6; 5,4; 2,1; 3,7; 5,2; 1,5; 4,6; 5,6; 4,7; 4,7; 0,4; 5,9; 5,7; 6,6
93;DE235;09372;BY;;;3;Cham, Landkreis;.; 2,8; 1,9;– 2,9; 1,2; 2,5; 3,7; 5,7;– 2,4; 1,7; 5,0; 6,6; 5,4; 0,8; 1,8; 4,4; 5,9; 6,9; 4,6; 4,7;– 0,3; 3,4; 6,7; 8,9
94;DE236;09373;BY;;;3;Neumarkt i.d.OPf., Landkreis;.; 1,7; 3,0;– 1,3; 0,3;– 0,3; 2,1; 3,2; 4,1; 1,8; 3,8; 4,1; 3,7; 5,6; 4,5; 4,3; 6,2; 6,3; 5,4; 5,4; 0,7; 4,4; 5,6; 6,7
95;DE237;09374;BY;;;3;Neustadt a.d.Waldnaab, Landkreis;.; 3,7; 5,5;– 3,7;– 0,4;– 1,0; 1,4; 2,9;– 3,3;– 0,2; 3,8; 8,4; 3,7; 4,8; 5,0; 5,4; 6,3; 4,7; 5,9; 4,5;– 1,0; 5,6; 5,8; 7,9
96;DE238;09375;BY;;;3;Regensburg, Landkreis;.; 5,5; 7,7;– 1,6; 1,5; 0,9; 4,0; 3,8; 4,1; 0,0; 2,5; 7,6; 6,5; 2,7; 4,0; 7,0; 5,1; 6,3; 5,9; 4,5;– 1,8; 5,4; 4,6; 10,6
97;DE239;09376;BY;;;3;Schwandorf, Landkreis;.; 2,5; 5,0;– 2,6; 1,0; 0,6; 2,7; 4,0;– 0,1;– 1,3; 5,2; 5,0; 4,7; 3,2; 4,8; 4,1; 1,9; 5,1; 5,4; 4,5;– 2,5; 5,0; 5,8; 8,1
98;DE23A;09377;BY;;;3;Tirschenreuth, Landkreis;.; 1,3; 4,6;– 5,2;– 0,1;– 3,3; 1,9; 1,8; 3,3; 1,5; 3,5; 4,3; 2,9; 3,2; 4,3; 0,8; 6,3; 6,3; 6,8; 5,6; 1,3; 4,2; 8,1; 6,4
99;DE24;094;BY;;2;;Oberfranken, Regierungsbezirk;.; 1,6; 0,6;– 1,6;– 0,2;– 0,0; 1,9; 3,7;– 1,0;– 0,3; 4,3; 5,6; 4,0; 3,0; 3,9; 2,7; 5,2; 4,8; 4,1; 3,8;– 1,5; 3,7; 4,9; 7,1
100;DE241;09461;BY;;;3;Bamberg, Kreisfreie Stadt;.; 3,1; 0,0; 1,9;– 2,8; 5,9; 2,3; 2,2;– 1,2;– 1,8; 5,7; 4,8; 1,6; 3,8; 5,2; 5,2; 5,8; 5,2; 4,5; 2,7;– 0,9; 2,7; 5,2; 6,9
101;DE242;09462;BY;;;3;Bayreuth, Kreisfreie Stadt;.; 3,5;– 2,5;– 1,1;– 0,0;– 1,0;– 0,2; 3,3;– 0,8; 0,5; 5,8; 6,3; 3,6; 3,9; 5,5; 2,7; 5,4; 4,3; 3,4; 3,1;– 0,0; 3,6; 4,9; 7,1
102;DE243;09463;BY;;;3;Coburg, Kreisfreie Stadt;.; 1,9; 0,1; 1,9; 4,3; 2,3; 4,7; 4,1; 0,1; 1,4; 4,2; 5,3; 5,8; 5,3; 9,1; 4,6; 3,3; 0,7; 1,2; 2,9;– 1,2; 5,6; 4,1; 8,0
103;DE244;09464;BY;;;3;Hof, Kreisfreie Stadt;.; 1,8;– 1,5; 0,2; 1,4;– 3,6; 1,3; 3,9;– 6,5;– 1,3; 1,1; 4,0; 3,5; 2,8; 4,0; 1,2; 2,6; 3,4; 3,0; 3,3;– 1,2; 3,4; 5,3; 6,3
104;DE245;09471;BY;;;3;Bamberg, Landkreis;.; 3,8; 4,4;– 4,8; 2,8; 0,3; 3,1; 3,1; 5,1; 3,4; 6,2; 6,3; 4,3; 3,3; 4,6; 3,3; 5,6; 8,1; 4,3; 4,8;– 0,9; 1,8; 2,6; 5,4
105;DE246;09472;BY;;;3;Bayreuth, Landkreis;.; 0,3; 2,5;– 3,9;– 0,6;– 1,4; 4,0; 4,7;– 0,0;– 3,5; 1,3; 7,5; 4,1; 1,3; 2,7; 0,9; 5,1; 2,1; 4,6; 5,1;– 1,2; 3,5; 5,4; 6,9
106;DE247;09473;BY;;;3;Coburg, Landkreis;.;– 0,7;– 1,9;– 2,3;– 2,5;– 2,3; 1,8; 5,5;– 7,5;– 1,4; 1,7; 4,5; 3,2; 2,8; 4,2; 2,9; 2,2; 4,8; 4,4; 3,2;– 1,2; 3,2; 2,3; 7,7
107;DE248;09474;BY;;;3;Forchheim, Landkreis;.; 3,1; 5,5;– 4,5; 0,5; 0,2; 3,1; 4,3; 1,1;– 0,2; 4,5; 8,0; 6,1; 4,9; 5,3; 3,5; 4,8; 10,4; 5,1; 4,2; 1,3; 4,1; 5,9; 6,0
108;DE249;09475;BY;;;3;Hof, Landkreis;.;– 1,2; 1,9;– 3,8;– 0,1;– 1,3; 1,8; 2,9;– 0,5;– 0,8; 3,8; 7,1; 3,7; 3,4; 0,9; 0,6; 10,4; 5,2; 4,7; 4,1;– 3,8; 3,9; 7,6; 9,4
109;DE24A;09476;BY;;;3;Kronach, Landkreis;.; 2,7; 2,1;– 2,8; 0,7;– 1,8;– 1,5; 6,3; 2,6;– 2,1;– 1,0; 5,5; 3,8;– 4,1;– 1,6; 3,2; 3,3; 5,0; 5,2; 2,6;– 3,9; 2,9; 4,3; 5,4
110;DE24B;09477;BY;;;3;Kulmbach, Landkreis;.; 0,7; 3,4;– 0,6;– 2,3;– 1,1; 3,6; 4,0;– 3,2; 1,4; 3,6; 3,0; 4,0; 3,7; 1,9; 0,4; 6,3; 4,5; 4,6; 4,0; 0,0; 4,6; 5,5; 8,0
111;DE24C;09478;BY;;;3;Lichtenfels, Landkreis;.;– 0,9;– 3,7; 1,0;– 0,4;– 0,6; 0,8; 2,3;– 1,4; 0,7; 5,9; 6,8; 5,3; 1,1; 1,2; 0,9; 5,8; 4,8; 4,6; 3,6;– 1,9; 2,8; 4,6; 6,0
112;DE24D;09479;BY;;;3;Wunsiedel i.Fichtelgebirge, Landkreis;.; 0,7; 1,3;– 5,2;– 1,9;– 0,9; 0,3; 4,1;– 2,2;– 0,2; 9,1; 3,2; 5,3; 3,5; 2,0; 2,4; 6,1; 4,3; 4,2; 7,5;– 6,5; 6,5; 6,0; 8,4
113;DE25;095;BY;;2;;Mittelfranken, Regierungsbezirk;.; 3,0;– 0,5; 1,1; 1,5;– 0,1; 2,3; 4,2; 4,1;– 0,8; 3,2; 6,5; 5,2; 2,5; 4,7; 3,1; 5,5; 4,6; 4,2; 4,0;– 1,5; 3,4; 5,5; 6,8
114;DE251;09561;BY;;;3;Ansbach, Kreisfreie Stadt;.; 1,4; 3,8; 1,5; 0,5; 6,2; 2,3; 3,8;– 4,4;– 0,8; 8,4; 5,1; 2,0; 2,0; 4,8; 4,6; 4,0; 4,5; 2,5; 5,1;– 1,6; 3,7; 2,6; 12,9
115;DE252;09562;BY;;;3;Erlangen, Kreisfreie Stadt;.; 5,2;– 3,9; 5,7; 1,3; 0,1; 4,7; 5,4; 7,5; 1,0; 2,7; 16,5; 7,0;– 1,4; 5,2; 1,1; 2,8; 1,5; 3,1; 3,8;– 0,6; 3,4; 5,4; 6,0
116;DE253;09563;BY;;;3;Fürth, Kreisfreie Stadt;.; 4,2;– 0,5; 1,5; 0,9;– 3,1;– 3,5; 4,9; 6,1;– 0,6;– 0,1; 6,1; 5,1; 2,0; 7,0; 5,9; 6,7; 5,7; 3,2; 4,3;– 1,1; 2,9; 7,3; 6,1
117;DE254;09564;BY;;;3;Nürnberg, Kreisfreie Stadt;.; 3,0;– 2,8; 2,5; 1,7;– 0,2; 2,9; 3,8; 5,8;– 1,7; 2,9; 4,2; 4,6; 3,7; 5,1; 3,2; 5,2; 4,3; 3,9; 4,1;– 1,4; 2,7; 5,9; 7,1
118;DE255;09565;BY;;;3;Schwabach, Kreisfreie Stadt;.; 4,1; 3,1;– 5,9;– 1,1;– 0,2; 1,5; 4,7;– 0,9;– 3,2; 3,7; 6,2; 5,1; 3,5; 5,3; 2,7; 7,4; 9,6; 4,0; 5,7;– 6,4; 5,4; 6,2; 7,2
119;DE256;09571;BY;;;3;Ansbach, Landkreis;.; 2,5; 1,4;– 0,7; 1,1;– 1,4; 1,4; 3,9;– 1,0; 1,3; 3,6; 4,1; 4,6; 4,5; 3,1; 1,9; 5,1; 5,9; 4,7; 3,9;– 1,1; 4,3; 4,7; 6,6
120;DE257;09572;BY;;;3;Erlangen-Höchstadt, Landkreis;.; 2,4; 4,6; 1,2; 3,7; 1,4; 4,6; 5,5; 8,7;– 3,6; 3,7; 6,4; 7,8; 3,3; 6,4; 6,4; 8,1; 8,2; 8,2; 1,9;– 3,6; 4,2; 3,6; 7,2
121;DE258;09573;BY;;;3;Fürth, Landkreis;.; 2,1; 3,9;– 7,3; 0,1;– 1,6;– 2,0; 3,4;– 0,5; 0,2; 5,6; 6,3; 6,7; 3,8; 2,6; 1,5; 7,6; 4,9; 5,0; 4,4;– 0,8; 2,6; 3,7; 6,5
122;DE259;09574;BY;;;3;Nürnberger Land, Landkreis;.; 2,7; 2,2;– 2,9; 2,0; 2,8; 0,0; 4,8; 3,3;– 0,0; 2,9; 5,3; 5,1; 2,0; 4,8; 3,4; 6,9; 3,9; 3,8; 4,7;– 1,8; 5,0; 6,0; 4,6
123;DE25A;09575;BY;;;3;Neustadt a.d.Aisch-Bad Windsheim, Landkreis;.; 0,2; 6,4;– 2,8; 2,1;– 1,5; 3,0; 4,6;– 0,8; 1,1; 3,8; 5,8; 4,6; 3,5; 2,2; 3,9; 6,1; 6,0; 4,4; 5,1;– 1,5; 4,3; 5,5; 6,1
124;DE25B;09576;BY;;;3;Roth, Landkreis;.; 1,4; 3,8;– 1,8; 1,5;– 0,2; 1,6; 3,6;– 0,0; 1,2; 3,9; 5,0; 4,6;– 0,0; 0,6; 1,9; 6,5; 7,1; 6,5; 5,3;– 1,0; 4,5; 6,3; 7,2
125;DE25C;09577;BY;;;3;Weißenburg-Gunzenhausen, Landkreis;.; 2,0; 2,6;– 3,1; 0,4;– 3,0; 1,8; 2,5;– 4,4;– 1,5; 4,3; 5,5; 6,0; 3,5; 3,0; 2,4; 8,1; 4,8; 4,1; 2,1;– 2,1; 3,0; 4,1; 5,8
126;DE26;096;BY;;2;;Unterfranken, Regierungsbezirk;.; 2,3; 2,2;– 0,6; 1,3; 0,3; 1,7; 4,6; 1,1;– 0,8; 3,5; 5,3; 3,9; 2,5; 3,8; 3,3; 4,1; 4,8; 4,6; 4,3;– 1,6; 4,0; 5,3; 7,0
127;DE261;09661;BY;;;3;Aschaffenburg, Kreisfreie Stadt;.; 0,5;– 1,5;– 0,1; 2,4; 4,7; 2,9; 6,3; 1,9;– 1,1; 4,5; 6,7; 4,2; 1,2; 0,8; 4,8; 1,9; 1,1; 5,1; 4,6;– 1,7; 2,6; 5,9; 7,1
128;DE262;09662;BY;;;3;Schweinfurt, Kreisfreie Stadt;.; 4,3; 1,0; 4,9; 4,9;– 0,1;– 0,3; 9,5; 0,6;– 4,0; 5,1; 5,5; 6,4; 1,3; 4,5; 8,8;– 2,7; 5,7; 6,9; 1,3;– 4,1; 4,0; 5,3; 5,9
129;DE263;09663;BY;;;3;Würzburg, Kreisfreie Stadt;.; 0,8;– 0,7; 2,0;– 0,4;– 1,0; 1,7; 1,7; 2,9; 1,9; 4,3; 3,9; 2,5; 5,1; 5,6; 0,9; 8,0; 3,7; 4,5; 4,7;– 0,6; 4,5; 5,3; 6,6
130;DE264;09671;BY;;;3;Aschaffenburg, Landkreis;.; 3,1; 3,2;– 3,3; 0,5; 0,7; 1,8; 3,7; 4,3;– 0,6; 0,5; 5,7; 2,6; 3,7; 0,4; 1,6; 3,9; 6,6; 4,4; 5,4;– 0,6; 4,0; 6,1; 9,4
131;DE265;09672;BY;;;3;Bad Kissingen, Landkreis;.; 0,5; 0,1; 0,3;– 0,9;– 0,6; 0,0; 4,4;– 3,7;– 3,4; 3,5; 4,6; 5,0; 1,6; 2,6; 3,9; 5,7; 4,4; 2,9; 4,1;– 1,7; 2,4; 5,7; 6,6
132;DE266;09673;BY;;;3;Rhön-Grabfeld, Landkreis;.; 2,6; 0,8;– 0,7; 1,0; 0,0;– 0,0; 3,0; 1,7;– 0,1; 4,2; 6,3; 5,2; 3,0; 3,1; 3,6; 3,9; 5,4; 6,3; 3,4;– 1,7; 4,6; 4,3; 7,7
133;DE267;09674;BY;;;3;Haßberge, Landkreis;.; 0,7; 8,0;– 7,1;– 0,4;– 1,6; 1,2; 2,5;– 3,6;– 1,8; 4,1; 7,0; 3,3; 2,6; 3,2; 1,8; 5,4; 4,7; 4,8; 4,1;– 2,0; 4,6; 1,7; 3,9
134;DE268;09675;BY;;;3;Kitzingen, Landkreis;.; 2,8; 4,4;– 0,2; 3,6; 1,0; 2,7; 3,7;– 2,6; 0,4; 2,4; 6,3; 1,1; 2,9; 5,2; 5,8; 3,9; 7,1; 1,8; 7,0;– 0,7; 5,8; 6,7; 8,2
135;DE269;09676;BY;;;3;Miltenberg, Landkreis;.; 2,4; 2,2;– 3,5; 0,7;– 1,4; 1,9; 4,6; 0,8; 0,1; 2,2; 6,7; 3,9; 4,4; 3,6; 3,3; 5,1; 5,8; 3,1; 4,7;– 3,4; 4,5; 5,9; 6,7
136;DE26A;09677;BY;;;3;Main-Spessart, Landkreis;.; 4,7; 4,6;– 0,7; 1,9; 0,6; 4,1; 6,9;– 0,8;– 2,4; 3,6; 5,0; 3,7;– 0,2; 8,6; 1,8; 2,9; 4,9; 4,0; 4,2;– 1,7; 3,6; 4,8; 5,9
137;DE26B;09678;BY;;;3;Schweinfurt, Landkreis;.; 0,8; 5,6;– 3,1; 2,9; 2,5; 0,9; 3,5; 3,8; 1,6; 2,6; 3,4; 4,8; 1,7; 3,3;– 3,1; 12,4; 2,7; 5,3; 4,9;– 0,6; 4,0; 5,0; 7,6
138;DE26C;09679;BY;;;3;Würzburg, Landkreis;.; 5,4; 7,5;– 2,4; 0,9; 0,9; 3,7; 3,4; 3,8;– 1,1; 4,1; 3,3; 5,5; 0,9; 2,2; 4,2; 2,7; 6,2; 5,2; 5,0; 0,6; 3,3; 5,5; 7,8
139;DE27;097;BY;;2;;Schwaben, Regierungsbezirk;.; 2,6; 2,7;– 1,2; 0,8; 0,3; 2,4; 3,8; 2,6; 0,1; 3,3; 5,7; 5,1; 3,4; 4,3; 3,7; 4,1; 5,4; 4,9; 4,4;– 1,6; 3,7; 5,9; 7,2
140;DE271;09761;BY;;;3;Augsburg, Kreisfreie Stadt;.; 3,4;– 0,7; 2,3; 0,5;– 0,5; 1,6; 3,1; 2,5; 0,7; 1,2; 4,7; 4,6; 4,1; 5,5; 2,8; 4,6; 3,8; 3,2; 4,0;– 2,7; 2,4; 5,7; 6,1
141;DE272;09762;BY;;;3;Kaufbeuren, Kreisfreie Stadt;.;– 2,3; 2,7;– 1,0; 0,1; 0,7; 0,4; 3,5;– 3,0;– 0,9; 4,7; 2,0; 5,0;– 0,4; 4,1; 2,0; 6,5; 6,2; 6,4; 4,4;– 0,3; 5,6; 5,8; 6,9
142;DE273;09763;BY;;;3;Kempten (Allgäu), Kreisfreie Stadt;.; 1,6; 3,0; 1,1; 1,0; 0,5; 4,9; 3,6; 3,9;– 3,1; 5,3; 6,4; 5,4; 0,9; 4,2; 3,1; 3,5; 0,1; 2,6; 4,2;– 1,2; 4,3; 5,1; 8,3
143;DE274;09764;BY;;;3;Memmingen, Kreisfreie Stadt;.; 2,7;– 0,1; 2,4; 0,8; 1,9; 6,2; 4,4;– 0,9;– 3,1; 4,8; 7,1; 7,0; 4,8; 5,6; 5,1; 1,9; 4,9; 5,0; 3,4;– 2,4; 4,2; 2,4; 4,3
144;DE275;09771;BY;;;3;Aichach-Friedberg, Landkreis;.; 0,4; 6,8;– 6,6;– 1,0;– 2,3; 1,9; 5,3; 3,2;– 1,9; 3,0; 4,9; 3,8;– 4,1; 2,5; 7,2; 4,4; 6,3; 5,1; 4,9; 0,0; 4,2; 6,4; 7,4
145;DE276;09772;BY;;;3;Augsburg, Landkreis;.; 3,4; 6,3;– 5,2; 1,6; 0,6; 3,6; 3,5; 1,7; 0,1; 3,5; 7,2; 7,4; 3,2; 4,3; 2,8; 5,5; 7,3; 5,6; 4,9;– 0,3; 5,7; 5,5; 7,5
146;DE277;09773;BY;;;3;Dillingen a.d.Donau, Landkreis;.; 1,7; 3,0;– 3,2; 0,5; 0,6; 2,7; 5,0;– 2,0; 2,8; 2,6; 4,2; 5,4; 4,5; 3,5; 2,7; 4,3; 5,4; 5,5; 3,9;– 0,1; 4,1; 5,0; 5,7
147;DE278;09774;BY;;;3;Günzburg, Landkreis;.; 1,5; 2,4; 2,0; 0,2; 1,4; 1,6; 4,2; 1,4;– 0,5; 4,6; 5,9; 4,3; 2,4; 3,3; 3,6; 4,2; 5,3; 4,7; 5,1;– 0,5; 5,4; 6,0; 6,9
148;DE279;09775;BY;;;3;Neu-Ulm, Landkreis;.; 1,1; 0,7;– 1,3; 0,4; 0,0; 2,4; 2,7; 7,1;– 2,1; 5,6; 6,3; 4,0; 1,6; 2,9; 5,1; 4,4; 6,3; 4,5; 3,6;– 3,3; 2,6; 5,2; 7,8
149;DE27A;09776;BY;;;3;Lindau (Bodensee), Landkreis;.; 4,4; 3,7;– 3,0; 1,7; 0,1; 0,8; 3,5; 6,6;– 0,5; 2,9; 7,6; 5,5; 6,3; 4,2; 4,8; 5,8; 5,1; 5,1; 3,6;– 3,1; 1,7; 7,4; 8,9
150;DE27B;09777;BY;;;3;Ostallgäu, Landkreis;.; 3,6; 5,5;– 3,1;– 0,1; 1,2; 2,0; 5,2; 3,2; 0,2; 3,4; 6,2; 7,6; 5,1; 4,1; 3,1; 1,7; 5,5; 6,9; 5,6;– 1,2; 5,0; 6,7; 8,5
151;DE27C;09778;BY;;;3;Unterallgäu, Landkreis;.; 3,0; 2,4;– 4,1; 0,9;– 0,7; 1,1; 4,4; 6,5; 0,6; 4,0; 7,4; 4,2; 4,3; 2,0; 5,3; 6,2; 6,7; 6,6; 4,7;– 1,8; 4,3; 8,1; 8,4
152;DE27D;09779;BY;;;3;Donau-Ries, Landkreis;.; 4,5; 4,7;– 1,4; 2,5; 1,1; 5,5; 3,7; 2,4; 5,9; 3,3; 5,3; 5,1; 7,3; 3,1; 4,3; 0,2; 6,0; 4,5; 4,3; 0,1; 2,8; 5,0; 7,5
153;DE27E;09780;BY;;;3;Oberallgäu, Landkreis;.; 2,3; 5,7;– 2,8; 1,7; 1,3; 0,3; 4,5;– 1,2;– 0,4; 3,6; 4,8; 3,2; 3,2; 8,8; 1,7; 4,8; 8,2; 7,8; 5,2;– 2,0; 3,8; 7,3; 7,1
154;DE3;11;BE;1;2;3;Berlin;.; 0,2;– 0,8;– 1,4; 0,0;– 0,9; 1,3; 3,2; 4,1; 2,4; 3,4; 4,5; 4,0; 4,0; 5,4; 6,2; 6,6; 7,0; 7,3; 7,3; 2,2; 6,8; 8,7; 8,4
155;DE4;12;BB;1;2;;Brandenburg;.;– 0,7;– 0,5;– 1,2; 0,0;– 0,4; 1,5; 3,7; 3,6; 2,2; 2,9; 3,8; 2,4; 3,2; 3,7; 4,5; 3,9; 5,1; 4,7; 4,4; 1,7; 4,3; 6,2; 7,9
156;DE401;12051;BB;;;3;Brandenburg an der Havel, Kreisfreie Stadt;.; 1,7; 0,6; 2,8; 0,1;– 2,0; 2,0; 4,1; 5,0; 0,9; 2,6; 4,1; 1,7; 3,4; 4,5; 4,1; 3,2; 5,9; 4,9; 3,2; 1,4; 5,3; 3,6; 8,1
157;DE402;12052;BB;;;3;Cottbus, Kreisfreie Stadt;.;– 0,6;– 2,8;– 0,2; 2,0;– 3,8;– 0,5;– 0,5; 2,0;– 0,9; 2,3; 1,5;– 0,2; 2,5; 3,8; 5,5; 1,9; 5,2; 4,3; 2,6; 0,5; 2,7; 5,5; 6,8
158;DE403;12053;BB;;;3;Frankfurt (Oder), Kreisfreie Stadt;.; 1,1;– 0,5;– 2,9;– 0,7;– 2,0;– 0,5; 2,6; 5,6; 2,8; 2,9; 2,3;– 0,9;– 3,6; 0,4; 3,2; 3,1; 4,0; 4,6; 4,2; 0,9; 1,1; 3,2; 8,3
159;DE404;12054;BB;;;3;Potsdam, Kreisfreie Stadt;.; 2,1;– 0,4; 1,3; 2,2; 2,4; 1,9; 4,5; 4,9; 4,0; 3,3; 3,8; 3,2; 2,3; 2,8; 4,6; 6,2; 5,1; 5,5; 6,0; 2,6; 3,4; 5,5; 5,2
160;DE405;12060;BB;;;3;Barnim, Landkreis;.; 0,6;– 1,2;– 0,9; 1,1;– 0,5; 1,3; 2,2; 2,7; 2,7; 2,2; 3,9; 2,2; 4,5; 2,9; 5,3; 5,6; 5,1; 4,2; 5,6; 1,6; 5,1; 5,9; 7,7
161;DE406;12061;BB;;;3;Dahme-Spreewald, Landkreis;.;– 0,0;– 1,5;– 0,3; 0,3; 3,7; 4,4; 5,2; 4,3; 2,2; 4,8; 4,1; 4,3; 3,0; 5,4; 4,9; 4,6; 5,4; 5,5; 2,9; 2,7; 6,6; 8,1; 9,3
162;DE407;12062;BB;;;3;Elbe-Elster, Landkreis;.;– 6,4;– 0,5; 0,4;– 2,1; 2,5;– 3,3; 2,2; 1,4; 2,0; 3,6; 5,9; 0,6; 3,0; 2,1; 3,4; 2,4; 5,7; 3,2; 4,0; 1,3; 2,0; 4,7; 7,2
163;DE408;12063;BB;;;3;Havelland, Landkreis;.;– 1,9; 0,1;– 1,6;– 0,5;– 1,5; 2,4; 4,5; 4,8; 4,1; 2,5; 6,1; 4,0; 4,8; 6,5; 2,9; 4,0; 4,6; 5,3; 4,4; 2,1; 5,4; 5,6; 5,6
164;DE409;12064;BB;;;3;Märkisch-Oderland, Landkreis;.;– 3,1;– 0,6;– 2,6;– 1,1;– 2,2;– 0,7; 2,8; 4,7; 3,4; 1,8;– 0,4; 1,6; 4,2; 4,5; 3,6; 6,1; 5,1; 6,2; 4,3; 2,5; 4,0; 6,3; 8,3
165;DE40A;12065;BB;;;3;Oberhavel, Landkreis;.;– 1,5;– 1,5;– 1,6; 0,3;– 0,2; 0,8; 5,2; 2,8; 2,8; 6,3; 4,1; 4,7; 5,6; 2,8; 4,6; 4,1; 4,7; 6,4; 5,9; 1,5; 4,0; 6,4; 5,1
166;DE40B;12066;BB;;;3;Oberspreewald-Lausitz, Landkreis;.;– 0,5;– 0,2; 0,6;– 2,9;– 0,8; 2,4; 4,1; 3,9; 3,3; 1,7; 3,8; 3,1; 5,3; 3,1; 3,3; 2,5; 5,5; 2,4; 4,1; 0,6; 2,3; 5,2; 5,0
167;DE40C;12067;BB;;;3;Oder-Spree, Landkreis;.;– 1,4;– 0,7;– 3,0; 1,3;– 0,4; 1,8; 3,3; 2,0;– 0,6; 3,3; 4,2; 0,3; 1,9; 5,1; 4,9; 3,1; 5,3; 4,6; 4,0; 2,6; 5,7; 14,4; 20,5
168;DE40D;12068;BB;;;3;Ostprignitz-Ruppin, Landkreis;.; 1,1; 0,4;– 1,3;– 1,0;– 2,7; 2,2; 1,4; 3,0; 1,4; 2,0; 2,2; 2,3; 2,3; 3,2; 3,8; 2,6; 4,9; 3,9; 4,3; 1,5; 4,1; 4,3; 6,6
169;DE40E;12069;BB;;;3;Potsdam-Mittelmark, Landkreis;.;– 2,9;– 0,7;– 3,7;– 0,2; 0,1; 1,6; 4,7; 3,1; 2,2; 1,9; 5,7; 1,5; 5,2; 6,3; 5,4; 3,2; 6,3; 4,7; 4,4; 2,3; 3,8; 6,7; 8,0
170;DE40F;12070;BB;;;3;Prignitz, Landkreis;.;– 0,4; 1,4;– 2,0;– 0,1;– 2,5; 1,9; 4,5; 4,2; 2,4; 2,8; 4,6; 1,4; 0,4; 2,1; 3,2; 3,5; 4,2; 3,6; 3,3; 3,5; 5,1; 4,9; 6,6
171;DE40G;12071;BB;;;3;Spree-Neiße, Landkreis;.;– 1,2;– 2,2;– 4,1;– 1,0;– 0,6; 0,1; 3,2; 2,3; 5,4; 1,0; 1,9; 2,3; 2,8; 3,1; 3,0; 2,1; 1,6; 1,5; 4,0;– 0,4; 2,7; 3,6; 9,1
172;DE40H;12072;BB;;;3;Teltow-Fläming, Landkreis;.; 2,9; 3,8; 0,8; 0,2;– 0,1; 6,5; 8,4; 4,7; 0,1; 3,3; 6,4; 4,7; 4,9; 4,1; 6,9; 4,2; 6,6; 7,3; 4,0;– 0,2; 8,2; 6,1; 6,3
173;DE40I;12073;BB;;;3;Uckermark, Landkreis;.;– 3,0;– 1,2;– 4,4;– 2,4;– 1,1; 0,8; 3,0; 3,0; 2,8; 1,6; 3,6; 3,0; 2,7; 2,0; 3,9; 2,6; 4,5; 1,3; 4,8; 1,5; 2,8; 5,1; 6,9
174;DE5;04;HB;1;2;;Bremen;.; 2,8; 0,1; 1,6; 0,4; 0,3; 3,1; 3,3; 4,7; 0,0; 2,1; 4,9; 3,7; 4,4; 3,1; 3,2; 4,4; 4,0; 2,9; 3,1;– 2,1; 2,9; 6,5; 7,4
175;DE501;04011;HB;;;3;Bremen, Kreisfreie Stadt;.; 2,9; 0,4; 1,9; 0,4; 0,2; 2,4; 3,0; 4,0;– 0,2; 2,4; 5,2; 3,8; 4,7; 3,4; 3,4; 4,5; 4,1; 3,2; 3,6;– 2,0; 2,9; 6,6; 7,5
176;DE502;04012;HB;;;3;Bremerhaven, Kreisfreie Stadt;.; 1,9;– 1,7; 0,0; 0,4; 0,5; 7,6; 5,1; 8,8; 1,0; 0,9; 3,0; 3,2; 2,8; 1,3; 2,5; 3,8; 3,0; 1,1; 0,4;– 2,5; 2,8; 5,7; 6,4
177;DE6;02;HH;1;2;3;Hamburg;.; 3,3; 0,4;– 0,1; 1,2; 1,6; 2,3; 3,9; 5,2; 2,4; 2,0; 4,2; 4,9; 5,1; 3,8; 4,2; 4,3; 3,5; 5,1; 5,3;– 1,1; 4,2; 7,7; 8,7
178;DE7;06;HE;1;;;Hessen;.; 2,9; 1,4; 0,8; 0,4;– 0,2; 2,4; 3,9; 4,4;– 0,2; 2,0; 4,5; 3,2; 2,8; 4,0; 4,1; 4,0; 4,5; 5,1; 4,1;– 1,2; 3,8; 5,7; 8,1
179;DE71;064;HE;;2;;Darmstadt, Regierungsbezirk;.; 3,4; 1,6; 0,8; 0,4; 0,1; 2,4; 4,0; 4,6;– 0,2; 1,4; 4,2; 3,0; 2,7; 4,2; 4,4; 4,3; 4,7; 5,2; 4,4;– 1,4; 3,9; 6,0; 8,3
180;DE711;06411;HE;;;3;Darmstadt, Wissenschaftsstadt, Kreisfreie Stadt;.; 1,2; 1,7; 1,6;– 0,6;– 0,0; 1,7; 3,6; 3,2; 1,1; 2,9; 4,4; 4,2; 3,2; 3,8; 2,3; 4,8; 6,4; 5,2; 4,3; 0,8; 5,3; 4,3; 7,1
181;DE712;06412;HE;;;3;Frankfurt am Main, Kreisfreie Stadt;.; 4,2; 1,6; 0,9; 0,1; 0,2; 2,8; 5,4; 5,7; 0,3; 1,0; 3,5; 2,9; 3,2; 4,5; 4,9; 4,0; 4,7; 6,0; 5,7;– 1,7; 2,8; 5,9; 9,9
182;DE713;06413;HE;;;3;Offenbach am Main, Kreisfreie Stadt;.; 3,7;– 1,7;– 2,3; 0,9;– 0,0; 2,6; 1,9; 3,7; 0,5; 6,2; 0,6; 0,2; 0,4; 3,1; 2,6; 1,4; 2,4; 4,9; 1,7;– 3,1; 5,1; 5,1; 8,7
183;DE714;06414;HE;;;3;Wiesbaden, Landeshauptstadt, Kreisfreie Stadt;.; 3,7; 1,2; 0,8; 1,6; 0,4; 2,5; 3,3; 0,2; 0,3; 0,8; 4,8; 2,7; 2,4; 3,3; 3,6; 3,9; 2,6; 3,6; 4,5; 1,4; 5,1; 7,0; 7,2
184;DE715;06431;HE;;;3;Bergstraße, Landkreis;.; 3,0; 2,4; 1,6; 1,4; 0,2; 1,2; 3,6; 4,2;– 2,3; 1,8; 5,9; 3,0; 0,9; 3,3; 5,3; 4,0; 3,6; 5,5; 4,0;– 1,1; 4,3; 5,6; 6,2
185;DE716;06432;HE;;;3;Darmstadt-Dieburg, Landkreis;.; 4,0; 1,6;– 1,0; 1,5; 0,1; 2,3; 4,1; 5,0; 0,1; 2,8; 5,6; 3,7; 2,2; 3,3; 4,2; 6,1; 4,3; 4,1; 3,4;– 0,3; 4,0; 5,4; 7,0
186;DE717;06433;HE;;;3;Groß-Gerau, Landkreis;.; 0,6; 1,3; 2,6; 1,9;– 2,2; 2,1; 0,4; 4,4;– 1,1; 1,7; 4,6; 2,0;– 0,2; 2,9; 4,2; 5,5; 5,0; 4,3; 1,4;– 4,8; 2,2; 2,4; 8,0
187;DE718;06434;HE;;;3;Hochtaunuskreis;.; 3,8; 2,5; 2,9; 2,0; 2,7; 4,3; 4,4; 3,7;– 0,8; 2,7; 4,8; 3,7; 4,1; 5,9; 5,2; 3,6; 6,4; 4,4; 3,4;– 3,1; 5,1; 9,1; 9,1
188;DE719;06435;HE;;;3;Main-Kinzig-Kreis;.; 1,6; 3,2; 1,1; 0,2;– 0,2; 1,5; 3,9; 4,2;– 1,7; 2,4; 7,4; 2,5; 2,7; 3,3; 4,9; 4,9; 6,9; 4,6; 4,2;– 1,2; 3,7; 4,5; 6,5
189;DE71A;06436;HE;;;3;Main-Taunus-Kreis;.; 5,6;– 0,4;– 1,0;– 1,7; 0,7; 3,9; 4,7; 7,8;– 0,3;– 4,2; 0,6; 5,3; 5,1; 5,3; 4,7; 4,8; 4,3; 5,7; 6,4; 0,3; 5,5; 7,5; 7,3
190;DE71B;06437;HE;;;3;Odenwaldkreis;.; 1,3; 1,1; 1,0; 0,8;– 2,4;– 0,3; 4,6; 4,9;– 3,0; 3,9; 5,5; 2,4; 3,3; 2,6; 3,2; 4,0; 2,9; 3,9; 1,7;– 2,1; 6,6; 4,8; 5,6
191;DE71C;06438;HE;;;3;Offenbach, Landkreis;.; 3,5; 3,0; 0,7;– 0,7; 0,5; 1,5; 1,8; 3,8;– 0,5; 0,3; 4,4; 3,9; 2,2; 5,0; 4,1; 4,7; 4,6; 6,9; 2,3;– 3,3; 3,5; 9,3; 8,1
192;DE71D;06439;HE;;;3;Rheingau-Taunus-Kreis;.; 1,2; 0,9;– 0,8;– 0,2;– 0,8; 1,4; 2,3; 5,1;– 0,8; 3,3; 4,2; 3,7; 1,7; 5,2; 4,2; 5,7; 4,8; 4,3; 3,0;– 1,2; 3,9; 5,8; 5,9
193;DE71E;06440;HE;;;3;Wetteraukreis;.; 3,8; 1,3; 0,5; 0,4;– 0,6; 1,9; 4,6; 4,7;– 0,5; 2,3; 5,3; 1,2; 1,9; 4,1; 3,5; 4,4; 3,5; 3,7; 3,9;– 0,5; 5,3; 4,7; 7,7
194;DE72;065;HE;;2;;Gießen, Regierungsbezirk;.; 1,9; 1,7; 0,4; 0,8;– 0,8; 2,0; 3,9; 5,2;– 0,9; 3,0; 5,2; 3,4; 2,4; 3,1; 3,5; 3,9; 3,5; 5,0; 3,4;– 0,2; 3,7; 5,1; 7,0
195;DE721;06531;HE;;;3;Gießen, Landkreis;.; 1,2; 1,0;– 0,2; 0,8;– 0,8; 2,3; 2,8; 5,1; 0,1; 2,6; 4,3; 3,4; 1,5; 4,0; 3,4; 5,0; 3,6; 5,1; 3,9; 1,3; 4,3; 4,5; 7,0
196;DE722;06532;HE;;;3;Lahn-Dill-Kreis;.; 3,4; 2,3; 0,4; 1,1; 0,4; 2,7; 4,6; 5,8;– 3,0; 2,5; 5,4; 3,8; 1,9; 2,3; 3,1; 3,5; 2,8; 5,7; 2,9;– 2,4; 3,5; 5,3; 7,3
197;DE723;06533;HE;;;3;Limburg-Weilburg, Landkreis;.; 1,4; 0,6; 0,6; 1,2;– 0,7; 1,8; 4,4; 5,3; 1,1; 3,3; 5,2; 2,6; 2,2; 3,2; 4,6; 4,6; 3,6; 5,2; 3,7; 0,8; 3,4; 5,1; 6,4
198;DE724;06534;HE;;;3;Marburg-Biedenkopf, Landkreis;.; 1,3; 3,4; 1,6; 0,8;– 1,4; 1,7; 4,2; 4,9;– 0,4; 3,7; 5,7; 3,5; 3,4; 3,4; 3,4; 3,5; 4,1; 4,4; 3,3; 0,1; 3,4; 5,0; 7,3
199;DE725;06535;HE;;;3;Vogelsbergkreis;.; 2,2;– 0,8;– 1,1;– 1,0;– 2,6; 0,4; 3,5; 4,4;– 1,7; 3,1; 6,6; 2,9; 4,0; 2,2; 3,4; 1,8; 3,5; 3,5; 2,4;– 1,1; 3,5; 6,5; 6,7
200;DE73;066;HE;;2;;Kassel, Regierungsbezirk;.; 1,7; 0,5; 0,9; 0,2;– 1,1; 2,5; 3,6; 3,3; 0,2; 3,9; 5,4; 4,0; 3,7; 3,9; 3,3; 2,6; 4,4; 4,6; 3,5;– 1,5; 3,7; 5,0; 7,7
201;DE731;06611;HE;;;3;Kassel, documenta-Stadt, Kreisfreie Stadt;.; 1,4; 0,9; 0,6;– 0,1;– 1,6; 3,9; 4,7; 4,1; 1,6; 2,6; 2,5; 4,0; 3,1; 7,5; 2,3; 2,4; 4,7; 3,6; 3,9;– 1,7; 3,1; 5,4; 7,7
202;DE732;06631;HE;;;3;Fulda, Landkreis;.; 1,8; 0,2; 1,1; 1,0; 0,4; 3,4; 4,7; 4,2;– 0,3; 4,3; 5,6; 4,2; 3,7; 4,1; 4,2; 3,6; 4,7; 4,5; 3,4;– 1,4; 3,5; 5,7; 7,8
203;DE733;06632;HE;;;3;Hersfeld-Rotenburg, Landkreis;.; 2,7; 1,5; 0,3;– 0,5;– 0,8; 1,7; 3,0; 2,4; 1,7; 5,3; 6,9; 3,1; 1,9; 2,9; 1,4; 3,2; 4,1; 4,5; 3,8;– 1,3; 3,5; 3,4; 6,8
204;DE734;06633;HE;;;3;Kassel, Landkreis;.; 1,7; 0,8; 3,0; 1,9;– 0,8; 3,4; 0,8; 4,0;– 0,4; 5,7; 9,5; 4,9; 3,7; 1,4; 4,0; 1,9; 3,4; 5,5; 3,0;– 3,8; 3,8; 3,2; 9,7
205;DE735;06634;HE;;;3;Schwalm-Eder-Kreis;.; 1,4; 0,9; 1,5; 0,3;– 1,7; 0,8; 3,3; 0,8; 0,3; 4,2; 5,5; 2,8; 8,5; 0,4; 4,1; 2,4; 4,6; 5,1; 4,3; 0,2; 5,7; 6,2; 6,3
206;DE736;06635;HE;;;3;Waldeck-Frankenberg, Landkreis;.; 2,5;– 0,0;– 0,9;– 0,9;– 0,7; 1,9; 4,7; 2,9;– 2,0; 3,7; 5,0; 4,3; 3,0; 4,5; 4,2; 3,1; 4,5; 5,2; 3,0;– 0,5; 4,0; 5,9; 7,5
207;DE737;06636;HE;;;3;Werra-Meißner-Kreis;.; 0,4;– 1,6;– 0,3;– 1,3;– 4,3;– 2,7; 2,5; 2,0;– 1,2; 0,9; 4,1; 3,4; 2,0; 1,9; 2,2; 0,9; 4,9; 4,3; 2,7; 0,2; 2,4; 5,0; 6,3
208;DE8;13;MV;1;2;;Mecklenburg-Vorpommern;.;– 0,8;– 0,1;– 0,8;– 0,3; 0,0; 1,0; 3,5; 3,0; 2,7; 2,0; 3,0; 3,6; 2,0; 3,9; 4,7; 4,2; 4,1; 4,8; 4,9; 0,7; 3,0; 6,4; 7,3
209;DE803;13003;MV;;;3;Rostock, Hansestadt, Kreisfreie Stadt;.; 0,3; 0,4;– 0,8; 0,1;– 0,5; 2,0; 4,4; 4,4; 3,5; 1,7; 4,9; 6,1; 3,2; 4,5; 5,8; 3,9; 4,2; 5,2; 7,5; 0,8; 2,3; 6,0; 8,3
210;DE804;13004;MV;;;3;Schwerin, Landeshauptstadt, Kreisfreie Stadt;.;– 0,1;– 0,5; 0,1; 0,3; 1,1; 1,5; 0,3; 1,2; 2,4; 1,2; 3,7; 2,9; 1,9; 4,3; 5,3; 3,8; 3,1; 3,6; 4,6; 2,1; 2,8; 5,8; 7,3
211;DE80J;13071;MV;;;3;Mecklenburgische Seenplatte, Landkreis;.;– 1,5;– 0,5;– 0,6;– 0,7;– 0,8; 0,5; 2,5; 1,5; 1,9; 2,0; 2,3; 2,7; 2,4; 2,6; 2,8; 3,1; 3,2; 3,8; 3,5; 1,6; 2,3; 5,8; 6,9
212;DE80K;13072;MV;;;3;Landkreis Rostock;.;– 1,2;– 0,6;– 1,8;– 0,6;– 0,5; 0,7; 2,3; 3,5; 3,1; 3,4; 4,8; 3,3; 4,4; 3,6; 5,2; 4,8; 5,0; 5,7; 4,4; 0,4; 3,9; 8,2; 7,6
213;DE80L;13073;MV;;;3;Vorpommern-Rügen, Landkreis;.;– 1,0;– 0,3;– 0,1;– 0,0;– 0,0;– 0,7; 4,8; 2,9; 3,2; 1,2; 2,6; 2,0;– 1,2; 3,9; 4,4; 4,2; 4,9; 5,1; 5,2;– 1,4; 3,7; 7,2; 7,1
214;DE80M;13074;MV;;;3;Nordwestmecklenburg, Landkreis;.; 0,3; 1,9; 0,0; 1,4; 2,0; 2,3; 5,1; 2,2;– 0,1; 3,2;– 0,4; 3,2; 2,8; 5,8; 5,0; 3,4; 3,1; 7,1; 6,0;– 0,9; 2,8; 3,0; 6,4
215;DE80N;13075;MV;;;3;Vorpommern-Greifswald, Landkreis;.;– 1,9;– 0,5;– 2,3;– 1,5;– 0,1; 1,3; 4,9; 4,6; 3,9; 2,3; 1,9; 3,0; 2,0; 4,3; 5,7; 5,1; 4,4; 4,3; 3,5; 1,2; 3,1; 7,5; 8,0
216;DE80O;13076;MV;;;3;Ludwigslust-Parchim, Landkreis;.;– 0,3; 0,1;– 0,6;– 0,4; 0,4; 0,8; 3,9; 3,6; 2,4; 1,7; 3,5; 5,0; 0,6; 3,4; 3,3; 6,3; 4,4; 4,5; 3,9; 1,3; 3,3; 6,7; 5,7
217;DE9;03;NI;1;;;Niedersachsen;.; 1,4; 0,7; 0,9; 0,5;– 1,2; 2,6; 2,6; 3,7; 1,8; 3,3; 5,3; 4,4; 3,6; 4,8; 4,1; 3,7; 4,1; 5,5; 4,4;– 0,5; 3,1; 5,3; 7,4
218;DE91;031;NI;;2;;Statistische Region Braunschweig;.; 1,5; 0,0; 1,9; 0,8;– 1,8; 1,8; 1,6; 4,0; 1,2; 3,0; 5,7; 4,8; 3,9; 14,6; 4,7; 2,8; 3,5; 5,4; 4,3;– 1,6; 1,2; 4,8; 7,3
219;DE911;03101;NI;;;3;Braunschweig, Kreisfreie Stadt;.; 1,4;– 1,8; 1,1; 0,9;– 1,3; 2,5; 2,4; 4,1; 1,9; 2,3; 5,3; 4,7; 3,3; 15,6; 4,6; 4,0; 4,5; 5,7; 4,4;– 1,5; 3,2; 4,6; 8,5
220;DE912;03102;NI;;;3;Salzgitter, Kreisfreie Stadt;.; 2,3; 1,6;– 1,6; 0,4;– 0,8; 2,7; 0,9; 3,8; 1,5; 0,9; 4,1; 3,7; 3,9; 17,6; 3,2; 0,9; 2,0; 4,5; 3,4;– 4,4; 0,4; 4,3; 8,4
221;DE913;03103;NI;;;3;Wolfsburg, Kreisfreie Stadt;.; 4,8; 1,4; 9,3; 2,2;– 2,1; 2,3; 1,0; 5,1; 1,7; 4,0; 9,6; 9,6; 7,4; 53,2; 6,2; 1,1; 2,1; 6,2; 5,4;– 3,0;– 4,4; 4,6; 8,2
222;DE914;03151;NI;;;3;Gifhorn, Landkreis;.;– 1,1; 2,5; 2,6; 0,8;– 1,2;– 0,3; 0,7; 4,3; 3,4; 4,5; 5,2; 5,9; 5,0;– 1,4; 4,9; 3,8; 4,1; 5,8; 4,6;– 0,2; 3,8; 6,0; 5,6
223;DE916;03153;NI;;;3;Goslar, Landkreis;.;– 0,6;– 0,7;– 2,0;– 0,3;– 2,7; 0,9; 0,7; 3,4;– 0,0; 2,7; 4,6; 2,4; 2,5;– 2,8; 3,0; 2,1; 4,1; 5,4; 3,5;– 1,4; 1,7; 5,3; 5,2
224;DE917;03154;NI;;;3;Helmstedt, Landkreis;.;– 1,2;– 8,2; 5,1; 0,5;– 2,5;– 0,4;– 0,3; 2,5; 2,0; 3,5; 5,9; 4,7; 3,4;– 9,0; 5,5; 3,4; 5,1; 5,3; 4,7;– 0,0; 3,7; 6,8; 10,0
225;DE918;03155;NI;;;3;Northeim, Landkreis;.; 0,8;– 1,1; 0,8; 0,9;– 1,2; 2,1; 3,0; 4,1;– 0,5; 2,4; 5,7; 2,2; 2,9;– 4,2; 4,6; 5,3; 4,4; 3,4; 2,9;– 2,8; 3,4; 5,0; 6,1
226;DE91A;03157;NI;;;3;Peine, Landkreis;.; 0,1;– 4,3; 4,3;– 1,2;– 3,1; 0,7; 0,4; 3,0; 1,0; 2,4; 4,8; 4,0; 2,4;– 3,6; 3,4; 1,9; 3,4; 6,4; 3,4;– 0,4; 3,5; 3,0; 9,0
227;DE91B;03158;NI;;;3;Wolfenbüttel, Landkreis;.; 1,7;– 1,4; 1,5; 2,1;– 2,6; 1,2; 1,5; 3,5; 1,8; 3,4; 4,4; 3,2; 2,8;– 3,0; 3,7; 3,2; 5,4; 5,1; 2,7; 2,6; 3,2; 5,2; 6,3
228;DE91C;03159;NI;;;3;Göttingen, Landkreis;.; 1,5; 3,0;– 1,1; 0,2;– 1,8; 1,7; 2,5; 3,9; 0,4; 3,7; 4,4; 3,0; 2,5; 3,1; 4,0; 3,9; 3,9; 4,4; 3,9; 0,1; 4,3; 4,6; 5,3
229;DE92;032;NI;;2;;Statistische Region Hannover;.; 0,9; 1,7;– 1,1; 0,6;– 1,1; 2,1; 1,4; 3,7; 1,7; 2,7; 4,5; 3,6; 3,2; 8,3; 3,7; 3,8; 3,8; 5,5; 4,1;– 0,6; 3,6; 4,4; 7,9
230;DE922;03251;NI;;;3;Diepholz, Landkreis;.; 2,2;– 3,0; 7,7;– 0,9;– 1,8; 2,3; 2,7; 3,1; 1,3; 3,5; 6,5; 4,8; 3,7;– 4,0; 4,4; 3,8; 5,3; 5,7; 4,4;– 1,5; 2,7; 6,6; 6,3
231;DE923;03252;NI;;;3;Hameln-Pyrmont, Landkreis;.; 1,0;– 0,2;– 2,3;– 0,1;– 1,9;– 0,6;– 0,9; 3,6; 1,0; 1,2; 4,6; 2,8; 2,2; 0,8; 2,8; 3,9; 3,1; 4,5; 3,1;– 1,1; 4,5; 4,7; 6,3
232;DE925;03254;NI;;;3;Hildesheim, Landkreis;.; 0,4;– 2,2; 1,8; 1,0;– 2,2; 1,0; 1,3; 3,0;– 0,0; 2,0; 3,7; 3,4; 2,0;– 1,1; 2,5; 4,1; 4,8; 5,2; 3,3;– 1,4; 7,6; 1,2; 7,1
233;DE926;03255;NI;;;3;Holzminden, Landkreis;.; 1,7;– 4,3;– 3,7;– 1,5;– 2,9;– 0,7; 0,8; 4,3; 0,8; 2,6; 4,6; 1,0; 3,7;– 7,2; 3,4; 3,4; 4,3; 6,3; 3,7; 2,9; 4,9; 2,2; 8,5
234;DE927;03256;NI;;;3;Nienburg (Weser), Landkreis;.; 0,2;– 4,5; 2,1; 1,0;– 1,1; 1,7; 1,8; 2,9; 0,6; 3,8; 5,8; 5,3; 3,8;– 5,4; 3,0; 3,9; 4,5; 6,2; 4,8; 0,6; 2,8; 3,3; 5,9
235;DE928;03257;NI;;;3;Schaumburg, Landkreis;.; 1,4; 0,5;– 0,7; 0,3;– 3,0; 7,1;– 1,2; 3,3;– 0,1; 2,1; 4,1; 4,2; 3,4;– 2,8; 5,3; 3,5; 3,7; 4,9; 3,2; 1,8; 3,9; 1,2; 6,5
236;DE929;03241;NI;;;3;Region Hannover, Landkreis;.; 0,7; 4,2;– 2,7; 0,9;– 0,5; 2,3; 1,7; 4,0; 2,4; 2,9; 4,3; 3,5; 3,3; 15,3; 3,8; 3,8; 3,4; 5,6; 4,4;– 0,7; 3,0; 5,0; 8,6
237;DE93;033;NI;;2;;Statistische Region Lüneburg;.; 1,4; 0,6; 1,2; 0,4;– 1,5; 2,3; 3,6; 3,4; 2,4; 3,3; 4,8; 4,1; 3,7;– 1,5; 3,3; 3,8; 4,8; 5,0; 4,5; 0,4; 3,4; 6,2; 6,7
238;DE931;03351;NI;;;3;Celle, Landkreis;.; 0,4;– 2,6; 4,5; 1,1;– 1,3; 1,4; 0,8; 3,4; 2,4; 3,6; 3,6; 5,4; 4,0; 1,7; 2,1; 0,4; 3,8; 4,5; 3,2; 1,2; 1,4; 5,5; 7,2
239;DE932;03352;NI;;;3;Cuxhaven, Landkreis;.; 1,0;– 0,9; 2,2;– 0,4;– 2,7; 1,3; 2,5; 2,9; 3,3; 3,4; 3,8; 4,4; 3,1;– 3,3; 2,7; 1,9; 5,9; 4,8; 5,6; 1,8; 3,7; 6,3; 7,2
240;DE933;03353;NI;;;3;Harburg, Landkreis;.; 2,3; 2,5; 0,9; 1,4;– 0,1; 4,6; 4,5; 3,9; 3,5; 2,4; 5,1; 3,5; 4,9; 1,2; 4,9; 6,0; 9,2; 6,4; 5,7; 1,0; 3,7; 7,4; 6,7
241;DE934;03354;NI;;;3;Lüchow-Dannenberg, Landkreis;.; 1,3;– 4,9; 0,5; 2,1;– 0,4; 2,6; 1,8; 3,9; 0,9; 3,6; 5,8; 1,5; 5,0;– 9,3; 4,1; 3,6; 3,4; 5,0; 2,6;– 1,4; 1,9; 5,9; 5,3
242;DE935;03355;NI;;;3;Lüneburg, Landkreis;.; 2,9; 0,2; 2,8;– 0,5;– 1,3; 2,5; 4,5; 3,8; 2,4; 3,8; 5,3; 3,3; 3,5;– 2,6; 3,8; 4,4; 4,7; 6,5; 4,9; 0,6; 4,0; 6,6; 7,7
243;DE936;03356;NI;;;3;Osterholz, Landkreis;.; 1,5; 4,5;– 5,0; 0,8;– 2,0; 1,8; 3,3; 3,6; 2,2; 3,4; 4,9; 3,0; 2,5;– 6,4; 3,9; 5,1; 4,3; 6,2; 5,0; 0,1; 4,9; 5,3; 6,3
244;DE937;03357;NI;;;3;Rotenburg (Wümme), Landkreis;.; 1,6; 0,0; 1,3; 0,2;– 1,6; 1,8; 8,2; 3,8; 2,6; 4,3; 4,5; 4,9; 3,7;– 6,6; 3,4; 5,0; 3,8; 3,7; 4,8; 1,8; 3,1; 5,0; 6,0
245;DE938;03358;NI;;;3;Heidekreis, Landkreis;.; 0,8; 5,2;– 1,5; 0,4;– 1,2; 2,1; 4,5; 2,7; 1,7; 2,9; 4,9; 4,1; 3,6;– 5,1; 3,4; 3,8; 4,0; 4,5; 3,7; 0,1; 3,4; 6,0; 6,4
246;DE939;03359;NI;;;3;Stade, Landkreis;.; 1,5;– 1,4; 3,3; 0,7;– 0,4; 3,3; 2,3; 2,9; 2,8; 3,2; 6,0; 3,9; 4,3; 5,8; 2,9; 4,2; 3,3; 3,0; 3,9;– 2,3; 3,2; 5,3; 5,7
247;DE93A;03360;NI;;;3;Uelzen, Landkreis;.;– 0,2; 4,3;– 4,0; 0,8;– 2,3; 1,3; 3,3; 3,2; 0,8; 2,3; 5,1; 5,4; 2,3;– 4,6; 3,2; 4,4; 3,6; 5,0; 4,7; 0,8; 3,6; 4,8; 6,6
248;DE93B;03361;NI;;;3;Verden, Landkreis;.; 2,4; 0,7; 2,3;– 0,3;– 3,0; 2,0; 2,5; 3,7; 1,7; 3,7; 4,8; 3,6; 3,8; 2,4; 3,1; 3,8; 5,1; 5,8; 4,6;– 0,1; 5,2; 8,6; 7,4
249;DE94;034;NI;;2;;Statistische Region Weser-Ems;.; 1,9; 0,3; 2,1; 0,2;– 0,7; 3,9; 3,8; 3,8; 2,1; 3,9; 5,9; 5,1; 3,6;– 1,9; 4,5; 4,2; 4,5; 5,8; 4,6; 0,1; 3,9; 6,1; 7,3
250;DE941;03401;NI;;;3;Delmenhorst, Kreisfreie Stadt;.; 2,1; 1,0;– 2,8;– 0,2;– 0,0; 2,1; 5,0; 3,3; 0,6; 0,9; 3,2; 3,0; 0,2;– 9,1; 4,2; 8,1; 3,7; 3,8; 3,5; 0,4; 4,9; 6,1; 4,5
251;DE942;03402;NI;;;3;Emden, Kreisfreie Stadt;.; 1,4;– 2,5; 1,5;– 1,1;– 1,1; 3,3; 1,4; 3,6; 2,2; 3,9; 6,6; 7,6; 2,1; 12,9; 7,9; 1,8; 1,8; 5,0; 1,1;– 6,2;– 1,5; 8,5; 9,8
252;DE943;03403;NI;;;3;Oldenburg (Oldb), Kreisfreie Stadt;.; 3,0; 1,8; 1,7;– 1,5;– 1,5; 3,1; 2,3; 4,0; 3,2; 4,1; 4,8; 3,7; 3,2; 3,2; 3,6; 4,2; 4,6; 4,9; 4,9; 2,0; 3,5; 5,6; 7,7
253;DE944;03404;NI;;;3;Osnabrück, Kreisfreie Stadt;.; 1,2;– 3,6; 3,2;– 0,8;– 1,7; 2,3; 1,9; 3,9; 0,2; 1,6; 5,5; 5,1; 2,6; 6,8; 3,4; 3,9; 3,3; 5,1; 5,5; 0,3; 5,0; 5,6; 7,4
254;DE945;03405;NI;;;3;Wilhelmshaven, Kreisfreie Stadt;.;– 1,7;– 3,0; 4,1;– 1,2;– 1,5; 2,5;– 1,5; 2,5; 3,3; 3,5; 4,3; 4,0; 2,7; 2,5; 2,1; 0,4; 2,3; 4,5; 3,5; 2,6; 2,4; 1,9; 5,4
255;DE946;03451;NI;;;3;Ammerland, Landkreis;.; 1,8;– 0,9; 3,1; 0,9; 0,5; 4,5; 3,7; 3,7; 2,3; 4,3; 6,6; 3,7; 3,8; 1,9; 5,0; 5,1; 5,0; 4,9; 4,5; 1,1; 6,6; 6,6; 6,8
256;DE947;03452;NI;;;3;Aurich, Landkreis;.; 1,2; 1,1; 4,2;– 1,7;– 1,7; 3,7; 5,2; 4,1; 3,6; 4,2; 5,7; 5,9; 5,1;– 7,6; 5,6; 5,7; 5,7; 5,4; 2,3;– 2,0; 3,5; 7,8; 7,1
257;DE948;03453;NI;;;3;Cloppenburg, Landkreis;.; 3,1; 4,7; 0,9; 3,5; 1,0; 4,7; 6,0; 4,4; 2,1; 3,8; 7,2; 7,1; 3,4;– 8,6; 5,3; 6,0; 6,9; 7,6; 5,1; 1,5; 5,7; 7,3; 8,0
258;DE949;03454;NI;;;3;Emsland, Landkreis;.; 3,2; 0,8; 1,6; 1,4; 1,0; 5,0; 5,8; 3,6; 2,0; 4,4; 6,3; 6,5; 3,8;– 3,1; 4,2; 4,8; 5,5; 6,7; 5,4; 0,4; 4,2; 6,6; 7,6
259;DE94A;03455;NI;;;3;Friesland, Landkreis;.; 1,8;– 0,8; 2,8;– 1,8;– 4,8;– 0,3;– 0,8; 3,5; 2,8; 1,7; 5,6; 3,6; 4,4;– 1,3; 5,1; 4,0; 4,5; 4,9; 3,9;– 1,6; 2,9; 7,2; 5,2
260;DE94B;03456;NI;;;3;Grafschaft Bentheim, Landkreis;.; 0,7;– 0,7; 0,9; 1,0;– 0,6; 5,6; 5,5; 3,8; 2,3; 4,3; 7,0; 5,1; 4,1;– 6,0; 5,2; 3,7; 3,8; 6,2; 5,9; 1,0; 4,3; 6,4; 7,8
261;DE94C;03457;NI;;;3;Leer, Landkreis;.; 1,6; 0,7; 3,3;– 1,0;– 0,4; 5,5; 6,5; 4,3; 2,7; 3,0; 5,1; 4,2; 3,5;– 5,0; 4,3; 3,0; 3,4; 4,8; 3,6; 0,0; 3,7; 6,1; 6,4
262;DE94D;03458;NI;;;3;Oldenburg, Landkreis;.; 1,2; 3,7; 1,2;– 0,6;– 0,9; 4,1; 3,8; 3,8; 1,6; 3,8; 5,7; 4,3; 4,1;– 5,6; 3,5; 2,6; 4,7; 5,5; 5,6; 0,5; 7,9; 6,2; 8,7
263;DE94E;03459;NI;;;3;Osnabrück, Landkreis;.; 2,0; 0,9; 1,2; 0,7;– 0,7; 3,7; 3,8; 3,8; 1,0; 5,3; 6,2; 4,8; 4,0;– 5,2; 4,3; 5,0; 4,9; 6,8; 4,4;– 0,2; 2,9; 5,1; 6,7
264;DE94F;03460;NI;;;3;Vechta, Landkreis;.; 3,7; 3,9; 3,9; 3,9; 0,8; 4,9; 5,5; 4,2; 2,6; 5,8; 8,2; 5,9; 5,5;– 5,9; 5,5; 4,4; 5,0; 6,4; 4,8;– 0,1; 3,7; 7,1; 6,8
265;DE94G;03461;NI;;;3;Wesermarsch, Landkreis;.; 3,4;– 1,9; 1,5;– 1,2;– 1,6; 6,2; 2,7; 3,3; 3,4; 2,9; 4,1; 4,9; 3,9; 1,7; 5,5; 3,0; 4,0; 6,1; 6,1;– 1,7; 1,6; 3,6; 9,5
266;DE94H;03462;NI;;;3;Wittmund, Landkreis;.;– 0,2; 1,0; 4,5;– 1,3; 0,0; 4,7; 3,2; 3,9; 3,4; 3,5; 3,8; 1,3; 1,3;– 7,4; 4,5; 3,0; 4,1; 5,8; 3,4;– 0,7; 2,3; 9,2; 5,2
267;DEA;05;NW;1;;;Nordrhein-Westfalen;.; 1,1; 0,9;– 0,3; 0,8;– 0,2; 0,4; 2,6; 4,3; 0,2; 2,7; 4,6; 4,4; 2,2; 4,4; 3,4; 3,8; 4,0; 5,2; 4,2;– 0,5; 3,6; 5,4; 6,8
268;DEA1;051;NW;;2;;Düsseldorf, Regierungsbezirk;.; 1,0; 0,7;– 0,1; 0,9; 0,2; 0,1; 2,5; 4,5; 0,4; 2,3; 4,1; 4,1; 1,9; 4,4; 3,5; 3,4; 3,7; 5,0; 4,3;– 0,4; 3,3; 5,4; 7,0
269;DEA11;05111;NW;;;3;Düsseldorf, Kreisfreie Stadt;.; 2,1; 1,8; 0,3; 1,1; 1,7; 0,5; 2,1; 7,0; 1,7; 1,8; 4,1; 4,6; 3,4; 4,7; 5,2; 4,1; 3,3; 5,5; 4,5;– 0,2; 3,7; 6,9; 7,9
270;DEA12;05112;NW;;;3;Duisburg, Kreisfreie Stadt;.;– 0,9;– 1,0; 2,1; 1,8;– 1,0; 0,6; 4,0; 5,4;– 1,1; 2,0; 4,0; 4,2; 2,1; 5,0; 2,2; 2,1; 3,5; 4,3; 4,5;– 1,9; 2,4; 4,0; 5,6
271;DEA13;05113;NW;;;3;Essen, Kreisfreie Stadt;.; 1,1;– 0,4; 0,2;– 0,4;– 0,3; 0,3; 3,0; 3,6; 2,5; 3,2; 4,5; 3,6; 0,2; 4,5; 2,9; 2,6; 3,6; 5,6; 4,7; 1,7; 2,9; 5,3; 8,8
272;DEA14;05114;NW;;;3;Krefeld, Kreisfreie Stadt;.; 0,5; 0,4;– 1,1; 0,7;– 1,6;– 1,4; 3,1; 2,6;– 1,6; 0,9; 3,6; 3,9; 0,7; 3,6; 2,9; 3,5; 5,1; 3,7; 5,3;– 0,2; 2,7; 4,3; 5,3
273;DEA15;05116;NW;;;3;Mönchengladbach, Kreisfreie Stadt;.; 1,8; 0,5;– 0,9; 0,1;– 1,0;– 0,2; 2,6; 5,1; 0,5; 2,6; 3,6; 4,0; 2,9; 4,5; 3,4; 3,2; 3,4; 5,6; 4,8;– 1,1; 4,9; 5,1; 6,4
274;DEA16;05117;NW;;;3;Mülheim an der Ruhr, Kreisfreie Stadt;.; 2,0; 1,8;– 1,7; 0,6; 1,1; 1,0; 2,5; 5,0; 1,4; 0,8; 3,9; 5,1;– 0,2; 3,3; 3,2; 3,1; 0,6; 4,5; 3,0;– 2,3; 2,6; 6,3; 9,2
275;DEA17;05119;NW;;;3;Oberhausen, Kreisfreie Stadt;.; 0,6; 0,4;– 0,7; 1,1;– 1,1;– 2,4; 2,6; 4,3; 1,9; 1,0; 6,5; 5,0; 1,7; 2,0; 2,3; 2,2; 2,8; 3,7; 3,8;– 1,8; 3,3; 6,3; 6,5
276;DEA18;05120;NW;;;3;Remscheid, Kreisfreie Stadt;.; 1,4;– 1,6;– 1,7; 1,0; 0,1;– 1,0; 4,0; 1,4;– 3,7; 2,8; 4,5; 4,5;– 2,7; 4,5; 2,4; 2,0; 4,5; 4,7; 5,1;– 1,9; 2,5; 3,9; 6,3
277;DEA19;05122;NW;;;3;Solingen, Kreisfreie Stadt;.; 0,5; 0,2;– 0,5; 0,4;– 1,1; 0,0; 3,3; 1,8;– 4,6; 3,6; 3,7; 5,5; 2,7; 5,6; 3,9; 3,2; 3,0; 5,6; 3,8;– 1,5; 4,0; 3,0; 3,2
278;DEA1A;05124;NW;;;3;Wuppertal, Kreisfreie Stadt;.;– 0,5;– 2,2;– 1,5;– 0,4;– 0,6;– 0,9; 1,8; 4,6;– 2,1; 2,2; 4,1; 3,0; 3,2; 4,9; 2,4; 4,3; 4,5; 3,9; 2,7;– 0,1; 1,9; 6,9; 4,6
279;DEA1B;05154;NW;;;3;Kleve, Kreis;.; 0,9; 1,7; 0,3; 1,2;– 0,9; 0,3; 1,0; 3,4; 0,5; 2,5; 5,7; 5,4; 3,7; 3,7; 5,3; 4,1; 5,0; 6,6; 3,3; 1,4; 2,8; 5,4; 7,1
280;DEA1C;05158;NW;;;3;Mettmann, Kreis;.; 1,7; 1,8;– 1,1; 1,9; 1,2; 1,2; 2,2; 3,5;– 0,3; 3,2; 3,2; 4,0; 1,2; 4,0; 3,4; 3,1; 5,7; 5,5; 4,4;– 1,2; 3,2; 4,8; 7,6
281;DEA1D;05162;NW;;;3;Rhein-Kreis Neuss, Kreis;.; 0,3; 2,4;– 0,0; 0,4; 1,4; 1,0; 3,4; 3,2; 0,6; 1,6; 3,6; 3,8; 1,2; 4,8; 3,5; 3,8; 2,6; 4,4; 4,2;– 0,8; 5,2; 4,5; 5,5
282;DEA1E;05166;NW;;;3;Viersen, Kreis;.; 1,6; 1,1; 0,1; 2,8;– 1,7;– 2,5; 1,5; 2,5;– 0,7; 1,7; 4,5; 2,3; 1,6; 4,5; 2,8; 3,5; 3,9; 5,0; 4,9;– 1,3; 2,3; 5,3; 7,6
283;DEA1F;05170;NW;;;3;Wesel, Kreis;.; 0,6; 1,7; 0,3; 1,3;– 0,2;– 0,0; 1,6; 4,4; 1,5; 3,9; 4,0; 4,1; 2,5; 3,4; 2,3; 3,3; 4,1; 4,1; 4,2; 0,0; 3,8; 4,6; 6,4
284;DEA2;053;NW;;2;;Köln, Regierungsbezirk;.; 1,8; 1,6;– 0,5; 0,7;– 0,5; 0,5; 2,4; 5,1; 0,7; 2,9; 4,7; 4,7; 2,4; 4,8; 3,7; 4,8; 4,4; 5,4; 4,5;– 0,8; 3,3; 5,8; 7,0
285;DEA22;05314;NW;;;3;Bonn, Kreisfreie Stadt;.; 1,8; 0,8; 1,8; 0,5; 0,5; 1,3; 3,0; 7,3; 2,5; 1,9; 3,5; 4,1; 1,6; 4,5; 3,6; 5,5; 3,3; 5,4; 5,7; 0,2; 4,1; 5,5; 7,7
286;DEA23;05315;NW;;;3;Köln, Kreisfreie Stadt;.; 1,8; 3,0;– 2,0; 0,3;– 0,3; 0,4; 2,2; 4,9; 1,5; 1,7; 5,0; 5,1; 3,4; 5,6; 3,8; 5,2; 4,9; 5,8; 4,6;– 0,7; 3,5; 6,1; 7,8
287;DEA24;05316;NW;;;3;Leverkusen, Kreisfreie Stadt;.; 1,4;– 0,7;– 1,8; 2,6;– 2,0;– 1,3; 3,0; 2,4; 1,7; 6,4; 6,1; 2,7; 3,7; 0,5; 2,0; 7,3; 1,8; 5,0; 3,9;– 5,0;– 0,1; 7,8; 6,2
288;DEA26;05358;NW;;;3;Düren, Kreis;.; 0,4; 0,6; 2,2; 0,2;– 0,2; 0,6; 1,3; 3,9;– 0,8; 2,9; 5,6; 4,8; 1,9; 4,4; 3,4; 3,3; 4,1; 4,5; 3,9; 1,7; 3,8; 5,2; 6,6
289;DEA27;05362;NW;;;3;Rhein-Erft-Kreis;.; 1,0; 0,7;– 0,3; 1,1; 0,4; 1,2; 2,5; 4,4; 0,9; 4,0; 4,8; 5,0; 0,3; 3,2; 2,2; 4,3; 3,8; 3,6; 5,1;– 0,2; 2,6; 7,3; 5,5
290;DEA28;05366;NW;;;3;Euskirchen, Kreis;.; 1,1; 0,1; 0,5; 1,1;– 0,2; 1,3; 1,0; 5,2; 0,7; 4,3; 5,6; 2,8; 3,1; 3,0; 3,5; 6,5; 4,4; 5,2; 3,5; 0,5; 3,0; 5,5; 6,7
291;DEA29;05370;NW;;;3;Heinsberg, Kreis;.; 2,7; 2,3; 0,8; 1,2;– 0,9;– 0,0; 4,3; 5,2;– 0,6; 4,9; 5,4; 6,8; 5,1; 5,0; 3,7; 4,7; 5,4; 6,3; 5,5; 0,4; 4,8; 5,2; 7,4
292;DEA2A;05374;NW;;;3;Oberbergischer Kreis;.; 0,8; 0,7;– 0,6; 1,6;– 0,1; 2,0; 3,9; 4,9;– 4,5; 3,2; 5,2; 6,8; 1,5; 4,8; 4,5; 3,0; 4,9; 5,8; 3,7;– 3,4; 3,4; 4,5; 7,6
293;DEA2B;05378;NW;;;3;Rheinisch-Bergischer Kreis;.; 4,4; 1,0;– 0,2; 0,1;– 0,3; 0,5; 1,9; 5,0;– 0,7; 2,7; 4,8; 3,3; 1,5; 5,6; 4,4; 3,0; 3,7; 5,9; 2,4;– 1,9; 4,4; 5,8; 5,3
294;DEA2C;05382;NW;;;3;Rhein-Sieg-Kreis;.; 2,0; 1,0; 0,6; 1,8;– 1,3;– 0,6; 2,5; 5,8; 0,9; 4,2; 2,4; 4,6; 2,5; 4,5; 4,6; 4,4; 4,5; 5,6; 4,4;– 0,3; 3,9; 5,7; 6,0
295;DEA2D;05334;NW;;;3;Städteregion Aachen, Kreis;.; 2,5; 1,4;– 0,1;– 0,0;– 1,6;– 0,1; 1,9; 5,1;– 0,2; 3,9; 5,1; 3,7; 1,3; 5,6; 3,9; 4,6; 4,8; 5,1; 3,9;– 0,9; 2,3; 4,7; 6,5
296;DEA3;055;NW;;2;;Münster, Regierungsbezirk;.; 0,0; 0,9;– 0,0; 1,3;– 0,5; 0,5; 2,6; 4,2; 1,2; 3,2; 4,9; 4,8; 2,2; 3,9; 3,1; 3,6; 4,1; 5,3; 4,0; 0,6; 4,7; 5,3; 6,9
297;DEA31;05512;NW;;;3;Bottrop, Kreisfreie Stadt;.;– 2,3; 3,2; 0,2;– 1,0; 3,6; 0,3; 0,1; 4,0; 1,4; 2,8; 0,9; 0,6; 3,4;– 0,9; 2,5; 5,0; 4,3; 3,1;– 0,5;– 3,1; 2,4; 5,4; 5,5
298;DEA32;05513;NW;;;3;Gelsenkirchen, Kreisfreie Stadt;.; 1,8;– 0,9;– 0,9; 1,5; 0,3;– 0,6; 2,7; 4,5; 5,7; 4,9; 3,8; 4,6; 1,8; 2,2; 1,2; 1,1; 3,6; 3,7; 4,1; 1,6; 3,3; 3,3; 5,4
299;DEA33;05515;NW;;;3;Münster, Kreisfreie Stadt;.; 3,1; 4,2;– 1,2; 3,5;– 1,1; 1,0; 3,1; 4,5; 2,3; 3,2; 3,9; 5,2; 3,0; 6,0; 4,3; 4,6; 3,9; 4,8; 4,1; 1,6; 4,2; 5,5; 7,5
300;DEA34;05554;NW;;;3;Borken, Kreis;.; 0,8;– 0,5;– 0,6; 0,9;– 1,1; 0,4; 4,3; 5,1; 0,4; 4,3; 6,2; 6,3; 2,9; 4,7; 3,2; 4,5; 4,6; 5,6; 4,6; 0,0; 4,7; 5,5; 7,8
301;DEA35;05558;NW;;;3;Coesfeld, Kreis;.; 1,9; 0,2; 0,0; 0,9;– 0,9; 1,7; 2,8; 1,6; 0,8; 4,1; 4,8; 5,0; 3,2; 4,7; 4,0; 4,2; 4,9; 6,3; 4,5; 0,6; 4,7; 6,1; 7,4
302;DEA36;05562;NW;;;3;Recklinghausen, Kreis;.;– 3,9; 1,9; 1,5; 0,5;– 0,6;– 1,0; 0,6; 3,3;– 0,1; 2,6; 4,7; 4,2;– 0,4; 1,8; 2,2; 1,5; 3,9; 5,3; 3,9;– 0,1; 6,0; 5,1; 5,8
303;DEA37;05566;NW;;;3;Steinfurt, Kreis;.; 1,8; 1,7; 0,4; 1,1; 0,1; 1,6; 2,6; 4,4; 1,1; 3,1; 6,0; 5,1; 3,5; 3,7; 3,9; 5,2; 4,5; 6,2; 4,1; 0,4; 4,4; 5,2; 7,4
304;DEA38;05570;NW;;;3;Warendorf, Kreis;.;– 2,7;– 5,0;– 0,0; 1,0;– 1,2; 1,8; 4,4; 4,8;– 1,2; 1,4; 6,2; 3,9; 2,2; 5,5; 2,6; 2,9; 3,4; 5,8; 4,1; 1,1; 6,0; 6,5; 6,7
305;DEA4;057;NW;;2;;Detmold, Regierungsbezirk;.; 1,9; 0,2;– 0,5; 0,6;– 0,1; 1,1; 3,3; 3,4;– 0,3; 2,7; 5,2; 4,8; 2,3; 4,9; 3,8; 3,6; 4,0; 5,3; 4,1;– 0,6; 4,3; 5,3; 6,4
306;DEA41;05711;NW;;;3;Bielefeld, Kreisfreie Stadt;.; 3,3;– 0,6;– 0,6; 0,8; 0,6; 0,6; 2,0; 3,5; 0,7; 1,8; 5,4; 3,9; 3,7; 5,2; 3,7; 3,3; 4,8; 5,4; 3,9;– 0,3; 5,3; 6,5; 7,2
307;DEA42;05754;NW;;;3;Gütersloh, Kreis;.; 2,6; 0,5; 0,1; 1,0; 0,5; 2,0; 5,2; 4,4; 0,4; 2,1; 5,7; 5,9; 1,6; 5,2; 6,2; 4,7; 4,6; 6,5; 4,0; 0,1; 4,2; 5,0; 5,4
308;DEA43;05758;NW;;;3;Herford, Kreis;.; 0,8;– 0,1;– 0,6;– 0,4; 0,0;– 1,2; 2,4; 2,8;– 2,3; 1,4; 5,0; 5,5; 3,0; 3,7; 3,0; 2,9; 4,1; 3,9; 3,9;– 1,3; 3,8; 4,5; 5,5
309;DEA44;05762;NW;;;3;Höxter, Kreis;.;– 0,2;– 0,1; 0,1; 0,4; 0,2; 0,1; 3,4; 2,3;– 0,2; 4,1; 4,8; 3,8; 1,7; 3,9; 1,7; 3,6; 2,7; 5,0; 3,0;– 1,2; 2,1; 4,8; 5,2
310;DEA45;05766;NW;;;3;Lippe, Kreis;.; 0,1;– 0,6;– 1,8; 0,4;– 0,9; 1,6; 2,7; 2,3;– 1,4; 3,7; 5,1; 4,4; 1,6; 4,8; 2,4; 2,5; 4,2; 6,1; 4,5;– 0,8; 3,7; 4,1; 7,3
311;DEA46;05770;NW;;;3;Minden-Lübbecke, Kreis;.; 1,9; 0,8;– 0,9; 0,7;– 0,1; 0,6; 2,6; 2,5;– 0,2; 4,4; 4,5; 3,9; 3,0; 5,6; 3,5; 3,6; 3,0; 4,9; 4,4;– 0,8; 4,5; 5,4; 5,9
312;DEA47;05774;NW;;;3;Paderborn, Kreis;.; 2,8; 1,4; 0,1; 0,9;– 1,0; 2,8; 4,7; 5,1; 0,2; 2,7; 5,5; 5,3; 0,8; 4,5; 3,5; 3,8; 3,4; 4,6; 4,1;– 0,7; 4,8; 5,7; 7,6
313;DEA5;059;NW;;2;;Arnsberg, Regierungsbezirk;.; 0,4; 0,5;– 0,5; 0,7;– 0,6; 0,3; 2,5; 3,7;– 1,0; 2,9; 4,5; 4,1; 2,1; 4,2; 2,7; 3,3; 4,0; 5,2; 3,9;– 1,1; 3,6; 4,8; 6,4
314;DEA51;05911;NW;;;3;Bochum, Kreisfreie Stadt;.; 0,2;– 0,0;– 1,1; 0,2;– 1,0;– 0,4; 1,1; 1,1;– 1,4; 3,6; 4,1; 4,6; 2,5; 3,8;– 0,8; 2,6; 3,6; 4,8; 6,2; 1,5; 4,5; 6,0; 6,5
315;DEA52;05913;NW;;;3;Dortmund, Kreisfreie Stadt;.; 0,6; 1,3; 0,4; 1,9;– 0,0; 0,4; 1,5; 3,7; 2,1; 1,6; 3,8; 3,8; 3,1; 4,3; 3,5; 4,8; 5,1; 4,8; 5,5; 0,2; 3,3; 5,8; 7,6
316;DEA53;05914;NW;;;3;Hagen, Kreisfreie Stadt;.;– 0,6;– 2,0; 0,4; 0,1; 0,2; 0,4; 2,2; 3,6;– 3,4; 2,6; 5,9; 1,5; 0,2; 2,4; 2,9; 1,4; 3,2; 4,7; 3,1;– 3,0; 4,2; 1,4; 4,4
317;DEA54;05915;NW;;;3;Hamm, Kreisfreie Stadt;.;– 3,3; 1,2; 0,5; 4,1;– 0,3; 0,1; 0,6; 4,0; 2,0; 2,7; 0,7; 4,4; 1,5; 3,2; 4,5; 3,7; 3,5; 5,9; 4,7; 0,7; 4,0; 4,4; 5,5
318;DEA55;05916;NW;;;3;Herne, Kreisfreie Stadt;.;– 2,7; 0,8;– 4,2; 1,5; 0,2;– 6,0; 3,3; 4,5;– 1,4; 3,5;– 1,5; 1,1; 0,6; 1,9; 0,3; 2,5; 3,2; 4,1; 3,5; 2,1; 3,2; 5,1; 5,6
319;DEA56;05954;NW;;;3;Ennepe-Ruhr-Kreis;.; 1,3; 1,0;– 1,2;– 0,1;– 1,7;– 0,0; 3,0; 4,4;– 1,3; 2,6; 2,9; 2,8; 2,3; 4,5; 3,6; 2,1; 4,5; 5,3; 3,6;– 3,3; 3,0; 4,5; 5,3
320;DEA57;05958;NW;;;3;Hochsauerlandkreis;.;– 0,4; 1,1;– 1,1;– 0,3;– 0,3; 1,0; 2,9; 3,8;– 0,5; 4,6; 5,0; 4,0; 1,9; 4,9; 2,8; 3,5; 4,6; 5,0; 3,6;– 0,7; 4,1; 5,5; 6,5
321;DEA58;05962;NW;;;3;Märkischer Kreis;.; 1,5; 0,4;– 0,8; 0,2;– 1,4; 0,5; 3,1; 3,5;– 4,8; 2,8; 5,1; 4,5; 2,6; 4,6; 3,0; 3,3; 3,2; 5,3; 1,4;– 4,0; 3,7; 3,6; 6,1
322;DEA59;05966;NW;;;3;Olpe, Kreis;.; 1,7; 2,2; 0,6; 2,0; 0,1; 2,7; 4,1; 4,6;– 2,2; 3,7; 5,1; 6,2; 1,2; 2,6; 3,4; 3,1; 5,0; 7,4; 3,5;– 2,7; 4,2; 3,8; 7,0
323;DEA5A;05970;NW;;;3;Siegen-Wittgenstein, Kreis;.; 1,1;– 0,7;– 0,1;– 0,7;– 0,3; 2,1; 4,6; 5,7;– 1,6; 1,4; 6,7; 3,9; 1,6; 4,3; 2,3; 2,7; 3,3; 5,2; 2,4;– 2,5; 2,6; 4,3; 6,5
324;DEA5B;05974;NW;;;3;Soest, Kreis;.; 1,1; 0,4; 0,1;– 0,2;– 1,6; 0,3; 2,3; 4,1; 0,2; 4,5; 5,3; 5,5; 3,0; 5,2; 2,4; 3,6; 4,2; 5,6; 3,6;– 1,0; 3,5; 4,9; 6,8
325;DEA5C;05978;NW;;;3;Unna, Kreis;.; 1,2; 1,0;– 0,3; 1,1; 0,3; 0,7; 2,5; 3,5;– 0,6; 3,1; 7,0; 5,9; 1,6; 5,3; 4,5; 4,0; 3,9; 5,2; 4,1;– 0,4; 3,4; 5,1; 6,7
326;DEB;07;RP;1;;;Rheinland-Pfalz;.; 1,6; 0,9; 0,5; 1,1;– 0,5; 1,3; 3,0; 3,6; 0,9; 2,4; 3,9; 3,6; 4,1; 3,5; 3,4; 3,3; 4,0; 4,6; 3,9;– 0,5; 3,4; 7,5; 5,5
327;DEB1;071;RP;;2;;Statistische Region Koblenz;.; 1,2; 1,3;– 0,2; 1,4;– 1,0; 1,3; 2,9; 3,2; 0,3; 2,8; 2,9; 3,3; 3,8; 3,7; 3,9; 3,9; 4,8; 4,7; 4,2;– 0,2; 3,6; 6,4; 7,0
328;DEB11;07111;RP;;;3;Koblenz, Kreisfreie Stadt;.; 0,5; 3,1; 0,6; 2,5; 0,0; 3,3; 2,5; 1,3; 0,7; 2,4; 4,2; 3,0; 6,2; 3,0; 3,3; 4,3; 3,8; 3,7; 5,1; 0,9; 4,4; 6,8; 8,9
329;DEB12;07131;RP;;;3;Ahrweiler, Landkreis;.; 0,6; 0,4;– 0,6;– 0,8;– 0,6;– 0,1; 0,5; 1,6; 4,2; 1,7; 3,5; 2,2; 4,4; 4,5; 3,8; 5,2; 4,8; 7,3; 2,1; 0,5; 3,7; 7,3; 7,9
330;DEB13;07132;RP;;;3;Altenkirchen (Westerwald), Landkreis;.; 3,9;– 2,2;– 1,7; 1,8;– 0,4; 1,6; 3,2; 3,6;– 2,9; 3,7; 2,1; 4,2; 0,5; 2,8; 5,4; 4,1; 5,1; 6,8; 4,0;– 2,9; 2,8; 4,4; 7,4
331;DEB14;07133;RP;;;3;Bad Kreuznach, Landkreis;.; 1,6; 3,2; 0,3; 0,7; 0,2; 1,9; 3,2; 4,7;– 0,6; 3,9; 1,9; 3,8; 4,4; 1,5; 3,5; 3,8; 3,8; 3,0; 4,3;– 0,5; 2,9; 6,6; 6,7
332;DEB15;07134;RP;;;3;Birkenfeld, Landkreis;.; 1,1;– 2,0;– 0,4; 0,5;– 1,7; 0,1; 2,3; 4,4; 0,4; 2,5; 1,9; 0,9; 0,4; 6,9; 4,7; 3,1; 3,9; 4,7; 3,0;– 1,7; 2,5; 10,2; 2,3
333;DEB17;07137;RP;;;3;Mayen-Koblenz, Landkreis;.; 0,9; 1,2; 0,5; 2,7;– 1,3; 0,6; 2,0; 3,4; 1,9; 3,3; 3,4; 3,6; 6,7; 4,2; 3,8; 4,3; 4,4; 3,0; 3,0;– 0,1; 3,8; 6,1; 4,0
334;DEB18;07138;RP;;;3;Neuwied, Landkreis;.; 1,5; 0,7;– 0,1; 1,4;– 1,4; 0,9; 3,5; 3,3;– 0,9; 1,5; 1,9; 2,7; 3,6; 1,9; 3,8; 3,0; 5,2; 6,1; 5,9; 0,1; 3,3; 5,2; 9,0
335;DEB1A;07141;RP;;;3;Rhein-Lahn-Kreis;.; 2,1; 0,9;– 0,9; 2,0;– 2,0;– 0,1; 4,5; 4,2; 0,4; 2,7; 3,2; 3,1; 1,4; 3,4; 2,7; 1,8; 6,6; 4,9; 4,9; 1,5; 6,1; 5,6; 5,0
336;DEB1B;07143;RP;;;3;Westerwaldkreis;.; 0,7; 2,1;– 1,8; 0,3;– 1,1; 0,7; 3,1; 3,0; 0,7; 2,8; 1,6; 5,5; 1,8; 5,3; 3,7; 4,2; 4,7; 4,6; 3,4;– 0,1; 3,6; 6,6; 7,7
337;DEB1C;07135;RP;;;3;Cochem-Zell, Landkreis;.; 1,1; 3,8; 0,0; 0,4;– 0,4; 2,0; 1,5; 3,2; 0,9; 2,7; 4,4; 2,0; 2,6; 3,7; 4,7; 3,4; 4,8; 5,1; 4,5;– 0,6; 1,2; 7,7; 6,9
338;DEB1D;07140;RP;;;3;Rhein-Hunsrück-Kreis;.; 0,8; 1,1; 1,4; 2,5;– 3,1; 1,1; 4,7; 4,7;– 1,3; 3,9; 4,2; 2,8; 4,4; 5,9; 6,1; 4,3; 7,2; 5,6; 4,3;– 1,0; 3,9; 6,0; 7,3
339;DEB2;072;RP;;2;;Statistische Region Trier;.; 1,7; 1,2; 0,7; 1,8;– 0,8; 1,1; 3,5; 3,2; 1,2; 3,2; 3,2; 2,1; 3,7; 3,9; 3,8; 3,3; 4,0; 4,2; 3,3; 0,2; 3,0; 5,2; 6,4
340;DEB21;07211;RP;;;3;Trier, Kreisfreie Stadt;.; 2,8; 1,6; 0,7; 1,7;– 1,8; 1,1; 3,6; 2,6; 2,0; 2,4; 1,4; 1,3; 3,3; 3,9; 2,5; 4,1; 3,0; 3,2; 2,8; 0,0; 1,8; 5,3; 6,0
341;DEB22;07231;RP;;;3;Bernkastel-Wittlich, Landkreis;.; 1,4;– 0,2; 0,1; 1,5;– 0,4; 2,7; 2,8; 3,9;– 0,1; 3,4; 4,0; 1,7; 4,1; 3,3; 5,2; 2,1; 4,4; 4,2; 3,5; 1,0; 2,5; 5,0; 6,4
342;DEB23;07232;RP;;;3;Eifelkreis Bitburg-Prüm;.; 1,2; 1,6; 0,2; 3,5; 0,5; 0,9; 5,0; 3,4; 1,0; 2,7; 3,2; 2,4; 2,7; 3,1; 3,6; 3,3; 3,7; 5,3; 3,3; 1,0; 3,6; 5,4; 6,7
343;DEB24;07233;RP;;;3;Vulkaneifel, Landkreis;.; 1,5; 1,7; 0,9; 1,4;– 1,7; 0,8; 3,1; 4,0; 4,0; 3,8; 3,0; 2,7; 5,7; 4,0; 4,1; 2,9; 4,1; 5,6; 3,8; 0,1; 3,0; 4,0; 6,4
344;DEB25;07235;RP;;;3;Trier-Saarburg, Landkreis;.; 0,5; 1,6; 1,8; 0,9; 0,4;– 0,5; 3,3; 3,0;– 0,7; 4,7; 6,3; 3,9; 3,5; 5,5; 4,7; 3,8; 5,7; 3,8; 4,0;– 1,3; 5,4; 5,8; 7,3
345;DEB3;073;RP;;2;;Statistische Region Rheinhessen-Pfalz;.; 1,9; 0,6; 0,9; 0,7;– 0,1; 1,4; 2,9; 3,9; 1,3; 2,0; 4,8; 4,2; 4,3; 3,3; 3,0; 2,9; 3,5; 4,6; 3,8;– 0,8; 3,3; 8,8; 4,4
346;DEB31;07311;RP;;;3;Frankenthal (Pfalz), Kreisfreie Stadt;.; 3,0; 1,0; 0,8; 2,7;– 3,0; 4,8; 5,1; 6,5; 0,2; 1,5; 0,6; 2,4; 4,7; 5,5;– 1,2; 2,7; 2,3; 5,6; 6,8; 0,1; 4,1; 5,8; 7,5
347;DEB32;07312;RP;;;3;Kaiserslautern, Kreisfreie Stadt;.; 0,5; 1,9; 1,3; 2,6;– 2,1; 0,6; 2,9; 3,6;– 0,4; 3,9; 1,7; 3,0; 2,3; 4,2; 4,6; 3,1; 3,9; 4,4; 2,9;– 1,3; 4,5; 15,2; 0,5
348;DEB33;07313;RP;;;3;Landau in der Pfalz, Kreisfreie Stadt;.; 0,7; 1,8;– 1,0; 2,7; 1,5; 3,3; 3,8; 3,6; 0,3; 1,1; 1,8; 5,5; 3,4; 5,7; 6,2; 2,8; 4,2; 9,2; 4,6; 1,1; 6,3; 8,2; 7,1
349;DEB34;07314;RP;;;3;Ludwigshafen am Rhein, Kreisfreie Stadt;.; 0,8;– 2,4; 2,2; 0,7; 2,3;– 0,1; 1,7; 3,8; 1,2;– 2,7; 11,0; 5,0; 6,7; 3,2; 2,9; 2,1; 2,0; 4,9; 3,5;– 1,9;– 0,7; 11,2; 2,8
350;DEB35;07315;RP;;;3;Mainz, Kreisfreie Stadt;.; 2,8; 0,4; 0,3;– 2,6;– 0,7; 2,7; 1,7; 2,1; 3,0; 3,8; 3,4; 3,4; 2,5; 1,6; 2,5; 2,6; 4,0; 3,1; 3,6; 1,8; 3,9; 8,3; 7,7
351;DEB36;07316;RP;;;3;Neustadt an der Weinstraße, Kreisfreie Stadt;.; 2,1;– 1,6; 2,6; 0,3; 1,6;– 2,2; 0,0; 0,5; 1,8; 0,1; 2,7; 2,9; 3,4; 2,8; 4,7; 2,4; 3,5; 3,9; 3,2;– 1,1; 2,7; 8,9; 4,3
352;DEB37;07317;RP;;;3;Pirmasens, Kreisfreie Stadt;.; 1,2; 2,8;– 0,9; 2,7;– 3,5;– 1,1; 2,3; 4,6; 1,6; 4,7; 1,0; 4,1; 0,6; 0,1; 3,3; 2,6; 3,5; 3,9; 3,1;– 0,6; 2,3; 5,0; 4,3
353;DEB38;07318;RP;;;3;Speyer, Kreisfreie Stadt;.;– 2,4; 1,2; 2,5; 1,0; 1,2; 1,3; 5,1; 4,6; 0,4; 5,1; 5,7; 4,8; 5,1; 4,5; 3,7; 2,5; 6,3; 4,5; 2,6;– 1,6; 6,3; 8,0; 5,9
354;DEB39;07319;RP;;;3;Worms, Kreisfreie Stadt;.; 1,8; 1,3; 0,8; 1,8;– 1,0; 1,6; 4,1; 4,9; 0,3; 2,8; 6,4; 2,5; 4,2; 4,2; 1,8; 2,3; 6,2; 3,8; 3,9; 1,1; 4,2; 7,2; 3,7
355;DEB3A;07320;RP;;;3;Zweibrücken, Kreisfreie Stadt;.; 5,7; 2,0;– 4,2;– 3,2;– 1,8; 6,2; 8,3; 6,5; 0,4;– 0,3; 0,3;– 0,2; 4,1; 0,2; 1,4; 2,7; 3,6; 1,9; 6,1;– 5,9; 7,7; 5,0; 9,2
356;DEB3B;07331;RP;;;3;Alzey-Worms, Landkreis;.; 3,5; 3,6; 4,0; 3,5;– 0,5; 3,2; 3,0; 3,5; 4,7; 5,4; 4,0; 6,5; 2,2; 1,7;– 4,3; 3,9; 6,0; 6,0; 3,6;– 0,3; 6,7; 9,0; 6,6
357;DEB3C;07332;RP;;;3;Bad Dürkheim, Landkreis;.; 0,1; 2,8;– 0,4; 2,1;– 0,2; 0,9; 2,9; 2,3; 1,1; 1,0; 2,4; 3,1; 3,4; 5,0; 4,1; 2,5; 4,2; 3,4; 4,4;– 1,7; 2,0; 5,5; 5,9
358;DEB3D;07333;RP;;;3;Donnersbergkreis;.; 1,1;– 0,5;– 0,6; 2,8; 0,3; 0,0; 3,8; 5,2;– 2,2; 6,0; 6,8; 4,2; 4,4; 5,1; 3,6; 3,6; 3,9; 6,1; 0,8;– 3,2; 1,8; 7,0;– 0,4
359;DEB3E;07334;RP;;;3;Germersheim, Landkreis;.; 3,3; 2,9; 4,9; 4,2; 2,2; 1,9; 5,1; 6,8;– 2,2; 1,3; 7,1; 5,0; 4,7; 3,3; 2,8; 3,0; 2,4; 8,3; 6,1;– 8,4; 3,6; 4,5; 3,0
360;DEB3F;07335;RP;;;3;Kaiserslautern, Landkreis;.; 3,1; 1,8;– 1,4;– 2,2;– 2,6; 3,0; 3,3; 2,5; 1,7; 1,2; 2,0; 4,1; 4,4; 3,4; 5,7; 4,6; 4,1; 3,1; 4,4; 0,1; 4,9; 8,0; 7,2
361;DEB3G;07336;RP;;;3;Kusel, Landkreis;.; 5,5;– 3,2;– 3,9; 0,1;– 2,1;– 2,5; 2,8; 6,2; 1,7; 0,8; 2,3; 0,5; 0,5;– 5,2; 0,5; 4,5; 5,8; 1,6; 1,9; 2,2; 2,6; 3,5; 6,7
362;DEB3H;07337;RP;;;3;Südliche Weinstraße, Landkreis;.; 2,1; 2,9; 1,6; 2,4;– 0,3; 0,5; 1,8; 2,5; 0,2; 1,9; 6,7; 6,2; 3,3; 4,4; 5,7; 7,4; 2,5; 7,2; 1,4; 1,3; 3,3; 5,2; 4,6
363;DEB3I;07338;RP;;;3;Rhein-Pfalz-Kreis;.; 1,5; 0,6;– 0,1; 1,1;– 1,4; 2,2; 4,5; 4,7; 3,6; 1,6; 2,2; 5,3; 6,9; 3,7; 4,1; 1,1; 3,7; 5,3; 3,9;– 0,8; 4,0; 20,5;– 6,3
364;DEB3J;07339;RP;;;3;Mainz-Bingen, Landkreis;.; 3,8; 2,2; 0,1; 1,5; 0,4; 1,7; 3,1; 5,7; 3,5; 4,4; 3,4; 6,8; 7,8; 7,2; 4,2; 4,3; 1,9; 3,5; 4,4; 2,8; 4,4; 7,6; 5,4
365;DEB3K;07340;RP;;;3;Südwestpfalz, Landkreis;.;– 0,5;– 1,8;– 0,3;– 4,0;– 4,0;– 0,2; 3,5; 1,9;– 2,2; 3,3; 1,9; 1,6; 1,9; 2,8; 3,7;– 0,1; 2,8; 4,3; 3,6;– 1,1; 2,4; 7,5; 4,9
366;DEC;10;SL;1;2;;Saarland;.; 2,8;– 0,2; 0,5; 1,3; 0,6; 0,8; 2,5; 1,9;– 2,1; 4,8; 4,7; 2,4; 2,6; 2,3; 2,2; 2,7; 3,3; 4,4; 2,2;– 2,6; 2,5; 5,6; 7,2
367;DEC01;10041;SL;;;3;Saarbrücken, Regionalverband;.; 3,9;– 0,5;– 0,6; 0,4;– 0,4; 0,2; 1,9; 1,9;– 1,4; 5,0; 4,5; 2,9; 3,1; 1,4; 1,7; 1,5; 1,9; 4,4; 2,7;– 1,4; 2,0; 6,0; 6,8
368;DEC02;10042;SL;;;3;Merzig-Wadern, Landkreis;.; 2,0;– 0,2; 1,3; 2,3; 1,4; 0,5; 1,3; 0,7; 0,6; 2,4; 0,3; 2,7; 1,6; 3,4; 0,3; 2,7; 4,7; 5,8; 2,9;– 1,2; 1,1; 5,2; 5,2
369;DEC03;10043;SL;;;3;Neunkirchen, Landkreis;.; 2,0;– 0,7; 1,0; 0,1;– 1,0; 0,5; 2,2; 1,3;– 2,2; 1,7; 3,4; 7,5;– 0,4; 3,2; 2,8; 5,0; 3,0; 4,4; 2,4;– 3,6; 3,5; 5,3; 6,5
370;DEC04;10044;SL;;;3;Saarlouis, Landkreis;.; 2,5;– 0,5; 2,6; 2,5; 1,0; 1,3; 2,6; 1,4;– 2,5; 6,1; 4,5;– 1,3; 3,1; 2,8; 2,5; 3,1; 4,5; 4,2; 0,5;– 5,9; 0,8; 5,6; 9,0
371;DEC05;10045;SL;;;3;Saarpfalz-Kreis;.; 1,5; 0,7; 1,1; 3,0; 3,2; 2,0; 4,5; 1,4;– 6,0; 6,1; 8,2; 1,5; 2,4; 3,3; 2,4; 3,0; 4,7; 3,2; 2,2;– 3,3; 4,8; 5,1; 7,4
372;DEC06;10046;SL;;;3;St. Wendel, Landkreis;.; 1,7; 2,0;– 0,7; 0,5; 0,8; 1,0; 2,8; 7,1; 1,9; 2,7; 3,7; 4,6; 3,1; 0,8; 5,8; 5,1; 4,0; 6,4; 3,3; 0,3; 3,4; 4,8; 7,2
373;DED;14;SN;1;;;Sachsen;.;– 0,4;– 0,1; 0,8; 0,5;– 1,3; 2,3; 3,5; 3,9; 0,9; 3,5; 3,7; 3,9; 3,5; 4,2; 5,0; 4,4; 4,6; 5,1; 4,5; 0,5; 3,3; 6,2; 8,2
374;DED2;146;SN;;2;;Dresden, NUTS 2-Region;.;– 0,1; 0,2; 0,9; 0,5;– 0,9; 2,2; 3,7; 3,6; 0,4; 3,4; 3,4; 4,1; 3,4; 4,4; 4,6; 4,2; 4,8; 5,5; 4,6; 0,8; 3,4; 6,1; 7,9
375;DED21;14612;SN;;;3;Dresden, Kreisfreie Stadt;.; 3,3; 2,1; 2,0; 1,1; 0,4; 4,0; 4,3; 3,7;– 0,4; 4,1; 3,5; 5,0; 3,7; 4,5; 4,5; 4,6; 4,9; 6,1; 5,3; 1,6; 3,3; 7,2; 8,4
376;DED2C;14625;SN;;;3;Bautzen, Landkreis;.;– 2,2;– 1,7;– 1,2; 0,6;– 1,8; 1,7; 3,5; 2,9; 0,3; 3,4; 4,5; 3,4; 2,5; 3,9; 4,2; 3,7; 5,5; 5,1; 4,1; 0,9; 3,6; 4,2; 7,2
377;DED2D;14626;SN;;;3;Görlitz, Landkreis;.;– 3,5;– 1,4;– 1,2; 0,3;– 2,3; 0,1; 2,0; 2,9; 3,4; 2,3; 2,5; 3,0; 3,4; 3,7; 4,7; 4,0; 4,1; 4,5; 3,9; 0,4; 2,5; 6,1; 8,2
378;DED2E;14627;SN;;;3;Meißen, Landkreis;.;– 0,7;– 0,4; 1,0; 0,1;– 0,9; 1,6; 3,5; 4,3;– 0,7; 2,6; 2,9; 4,3; 3,0; 4,9; 4,9; 3,5; 4,1; 4,9; 3,9;– 0,4; 3,1; 4,7; 7,0
379;DED2F;14628;SN;;;3;Sächsische Schweiz-Osterzgebirge, Landkreis;.;– 3,2;– 0,8; 2,3;– 0,7;– 2,8;– 0,5; 3,4; 4,5; 1,5; 2,5; 2,9; 2,9; 3,8; 4,9; 5,2; 4,4; 4,6; 5,9; 4,7;– 0,2; 4,6; 6,0; 8,0
380;DED4;145;SN;;2;;Chemnitz, NUTS 2-Region;.;– 0,5;– 0,3; 0,3; 0,2;– 1,9; 1,7; 3,4; 4,2; 0,5; 3,9; 3,9; 3,2; 2,4; 3,6; 4,5; 3,9; 3,9; 4,0; 3,9;– 0,9; 2,9; 5,1; 7,5
381;DED41;14511;SN;;;3;Chemnitz, Kreisfreie Stadt;.; 0,3;– 0,0;– 0,3; 0,3;– 1,2; 2,5; 3,4; 2,8; 0,4; 4,6; 3,3; 3,5; 3,3; 3,7; 3,2; 4,1; 3,8; 4,4; 4,7;– 0,5; 2,3; 6,0; 7,6
382;DED42;14521;SN;;;3;Erzgebirgskreis;.;– 0,7;– 0,6; 1,0; 0,3;– 1,9; 0,9; 2,8; 3,3;– 0,3; 3,8; 3,9; 3,6; 1,3; 4,3; 6,0; 4,6; 5,7; 5,1; 3,2;– 1,0; 2,8; 5,5; 6,6
383;DED43;14522;SN;;;3;Mittelsachsen, Landkreis;.;– 0,8; 0,1; 1,6; 0,7;– 1,1; 2,2; 4,1; 5,5; 1,4; 3,6; 4,2; 3,0; 1,2; 2,8; 4,3; 3,0; 3,4; 3,3; 3,6;– 0,4; 2,4; 5,4; 6,0
384;DED44;14523;SN;;;3;Vogtlandkreis;.;– 2,4;– 0,4;– 0,8;– 0,5;– 2,7; 1,4; 3,5; 4,0;– 0,9; 1,8; 2,9; 2,4; 1,4; 3,6; 4,6; 3,7; 3,8; 4,8; 3,8; 0,2; 2,5; 4,6; 6,9
385;DED45;14524;SN;;;3;Zwickau, Landkreis;.; 0,4;– 0,7; 0,0; 0,1;– 2,7; 1,1; 3,3; 5,2; 1,4; 5,0; 4,7; 3,1; 4,0; 3,7; 4,8; 4,0; 3,0; 3,0; 4,2;– 2,1; 4,1; 4,1; 9,9
386;DED5;147;SN;;2;;Leipzig, NUTS 2-Region;.;– 0,6;– 0,3; 1,1; 0,7;– 1,1; 3,4; 3,5; 4,0; 2,1; 3,3; 3,9; 4,4; 5,2; 4,5; 6,2; 5,2; 5,2; 5,7; 4,9; 1,6; 3,7; 7,5; 9,4
387;DED51;14713;SN;;;3;Leipzig, Kreisfreie Stadt;.; 1,0; 0,2; 1,6; 1,2; 0,1; 4,4; 3,2; 4,1; 2,3; 3,3; 4,0; 4,7; 6,0; 5,2; 6,9; 5,6; 5,5; 6,0; 4,9; 1,7; 3,7; 7,8; 9,8
388;DED52;14729;SN;;;3;Leipzig, Landkreis;.;– 3,5;– 0,7;– 0,3;– 0,2;– 3,4; 2,3; 4,4; 4,0; 1,5; 2,7; 3,5; 2,7; 3,3; 3,8; 4,6; 4,8; 4,8; 5,4; 4,8; 1,2; 3,0; 5,8; 8,3
389;DED53;14730;SN;;;3;Nordsachsen, Landkreis;.;– 2,8;– 1,5; 0,8;– 0,2;– 3,1; 1,0; 3,9; 4,1; 1,7; 3,9; 3,5; 4,8; 4,1; 2,4; 5,1; 4,1; 4,2; 5,1; 5,2; 1,7; 4,4; 8,0; 8,5
390;DEE;15;ST;1;2;;Sachsen-Anhalt;.;– 1,1;– 0,2;– 0,4; 0,3;– 1,0; 1,9; 2,4; 4,3; 2,6; 3,2; 3,1; 3,4; 1,7; 3,5; 3,8; 3,5; 4,3; 4,1; 3,5; 1,0; 3,1; 4,6; 6,9
391;DEE01;15001;ST;;;3;Dessau-Roßlau, Kreisfreie Stadt;.;– 0,0; 0,2; 0,6;– 3,5;– 0,9; 4,3; 0,3; 2,5; 3,2; 3,2; 3,9; 2,4;– 1,8; 3,3; 2,8; 3,1; 3,0; 4,6; 3,1; 0,2; 3,4; 4,3; 6,4
392;DEE02;15002;ST;;;3;Halle (Saale), Kreisfreie Stadt;.;– 1,4;– 1,2;– 1,0; 3,0;– 2,9;– 0,7;– 0,2; 2,9; 3,9; 2,1; 1,8; 4,4; 1,8; 2,2; 5,5; 3,8; 3,8; 3,7; 5,0; 2,3; 3,2; 4,3; 6,9
393;DEE03;15003;ST;;;3;Magdeburg, Landeshauptstadt, Kreisfreie Stadt;.; 0,9;– 0,9;– 0,2;– 1,0;– 0,7; 3,1; 2,9; 5,2; 3,5; 2,5; 2,0; 4,4; 1,9; 3,9; 3,2; 5,0; 4,0; 3,5; 3,4; 2,0; 3,0; 5,7; 7,7
394;DEE04;15081;ST;;;3;Altmarkkreis Salzwedel;.; 2,1; 1,8;– 0,0; 1,3;– 0,7; 1,8; 0,6; 4,2; 1,8; 2,8; 2,3; 5,0; 3,4; 2,7; 3,3; 3,6;– 0,5; 3,6; 3,3; 0,5; 1,6; 2,7; 6,5
395;DEE05;15082;ST;;;3;Anhalt-Bitterfeld, Landkreis;.;– 3,0; 1,1;– 0,0;– 0,5; 2,2; 4,2; 9,2; 5,8;– 1,3; 4,5; 3,3; 1,3;– 0,5; 3,2; 2,1; 1,6; 5,1; 4,7; 3,3; 0,5; 2,9; 5,4; 7,8
396;DEE06;15086;ST;;;3;Jerichower Land, Landkreis;.;– 2,5; 1,7;– 0,1; 3,1;– 0,6; 0,8; 3,3; 2,2; 5,0; 3,1; 3,7; 4,5; 1,4; 3,3; 3,0; 2,4; 3,9; 4,6; 5,2; 1,0; 3,3; 3,7; 6,5
397;DEE07;15083;ST;;;3;Börde, Landkreis;.; 0,1; 1,1;– 0,7; 0,7;– 0,1; 2,3; 2,3; 4,5; 2,1; 5,3; 8,0; 1,9; 2,0; 5,4; 2,9; 2,8; 5,4; 5,6; 3,2; 0,7; 4,8; 2,2; 6,6
398;DEE08;15084;ST;;;3;Burgenlandkreis;.;– 3,9;– 0,5; 0,9;– 0,3;– 0,9; 1,5; 1,7; 4,4; 3,1; 4,2; 3,5; 3,9; 3,3; 3,1; 4,7; 4,2; 5,0; 4,1; 3,8; 0,1; 3,3; 5,5; 5,1
399;DEE09;15085;ST;;;3;Harz, Landkreis;.;– 0,2;– 0,5; 1,0; 0,3;– 1,2; 0,6; 2,3; 3,2; 1,1; 2,1; 2,2; 3,2; 1,9; 3,8; 4,9; 3,8; 3,8; 3,8; 2,5;– 1,0; 3,1; 5,2; 7,0
400;DEE0A;15087;ST;;;3;Mansfeld-Südharz, Landkreis;.;– 2,5;– 1,7; 0,1;– 2,0;– 2,7; 1,0; 0,8; 3,7; 2,1; 2,9; 3,0; 4,3; 0,9; 2,5; 2,8; 3,9; 4,8; 4,4; 2,0; 0,1; 2,6; 5,0; 6,2
401;DEE0B;15088;ST;;;3;Saalekreis;.;– 2,5;– 0,7;– 0,7; 1,6; 1,0; 3,4; 2,8; 6,1; 2,7; 4,6; 4,7; 2,7; 2,6; 2,7; 3,5; 3,1; 5,2; 4,2; 3,9; 1,0; 3,6; 4,8; 6,3
402;DEE0C;15089;ST;;;3;Salzlandkreis;.;– 1,1; 2,2;– 2,8;– 0,3;– 2,0; 1,6; 4,1; 5,6; 2,7; 3,5; 2,3; 2,7; 0,8; 3,3; 4,1; 2,8; 5,0; 3,6; 3,1; 1,0; 2,6; 3,8; 8,5
403;DEE0D;15090;ST;;;3;Stendal, Landkreis;.;– 1,1;– 2,6;– 0,8; 0,8;– 0,8; 2,5; 1,5; 4,3; 3,3; 1,4; 2,2; 1,6; 2,1; 4,3; 4,8; 2,7; 4,3; 2,4; 2,6; 1,1; 3,4; 4,5; 6,9
404;DEE0E;15091;ST;;;3;Wittenberg, Landkreis;.;– 1,6;– 0,6;– 1,3;– 1,0;– 1,7; 1,4; 2,1; 4,1; 3,0; 3,8; 1,3; 4,7; 3,2; 5,6; 4,6; 3,2; 4,2; 4,9; 2,7; 2,0; 1,7; 5,2; 7,0
405;DEF;01;SH;1;2;;Schleswig-Holstein;.; 1,8; 0,7;– 0,4;– 0,2;– 0,7; 0,6; 3,1; 3,3; 1,2; 2,1; 3,7; 3,4; 3,0; 3,1; 3,9; 4,4; 4,6; 5,4; 4,3; 0,5; 3,8; 6,5; 7,3
406;DEF01;01001;SH;;;3;Flensburg, Kreisfreie Stadt;.; 0,4; 1,0; 0,0;– 1,8;– 1,1; 2,6; 3,1; 1,3;– 1,7; 0,3; 1,1; 4,1; 3,6; 3,2; 4,9; 2,0; 6,5; 6,7; 3,6;– 1,6; 3,6; 8,2; 8,0
407;DEF02;01002;SH;;;3;Kiel, Landeshauptstadt, Kreisfreie Stadt;.; 2,1; 1,5; 0,8; 0,3;– 0,6; 0,3; 1,9; 2,1; 2,1; 2,0; 3,3; 2,7; 2,2; 5,9; 5,0; 2,8; 4,5; 4,8; 4,5; 0,3; 3,5; 6,5; 6,3
408;DEF03;01003;SH;;;3;Lübeck, Hansestadt, Kreisfreie Stadt;.; 1,2; 0,4;– 0,4;– 1,1;– 1,4; 2,2; 3,2; 5,7;– 0,0; 4,3; 4,6; 3,7; 0,7; 3,9; 2,3; 7,8; 2,5; 6,6; 5,4; 1,8; 2,8; 6,3; 7,8
409;DEF04;01004;SH;;;3;Neumünster, Kreisfreie Stadt;.; 1,5; 0,8;– 2,3;– 0,1;– 4,1;– 0,3; 5,5; 6,6; 2,2; 1,1; 5,7; 1,9; 5,1; 2,2; 4,4; 7,2; 4,7; 5,1; 5,7; 1,0; 4,8; 6,2; 6,5
410;DEF05;01051;SH;;;3;Dithmarschen, Kreis;.; 1,4;– 2,0;– 5,5;– 0,9;– 0,5; 0,3; 2,1; 4,3;– 2,0; 1,3; 5,4; 2,6; 3,4; 3,9; 2,2; 4,8; 4,8; 4,9; 4,8; 1,4; 3,2; 6,2; 7,1
411;DEF06;01053;SH;;;3;Herzogtum Lauenburg, Kreis;.; 1,6; 1,8;– 0,2;– 0,4;– 1,1; 0,6; 3,7; 4,6;– 0,2; 0,8; 8,0; 2,8; 4,0; 2,9; 3,9; 4,1; 5,0; 5,1; 4,8; 1,0; 4,8; 6,6; 7,4
412;DEF07;01054;SH;;;3;Nordfriesland, Kreis;.; 0,7; 1,1;– 0,4; 0,0; 0,7; 1,1; 2,2; 1,9; 6,0; 4,4; 3,5; 4,7; 3,6; 1,4; 4,7; 4,7; 4,4; 4,2; 3,4; 0,3; 4,4; 7,7; 7,5
413;DEF08;01055;SH;;;3;Ostholstein, Kreis;.; 0,1; 1,3;– 0,9; 0,1;– 0,4; 0,0; 2,6; 1,8; 0,5; 2,2; 3,3; 6,4; 2,7; 3,9; 4,3; 4,3; 4,5; 5,1; 4,2; 1,0; 4,4; 7,7; 6,5
414;DEF09;01056;SH;;;3;Pinneberg, Kreis;.; 3,7; 0,1; 1,0; 1,3;– 1,0;– 0,1; 3,3; 3,8; 2,0; 0,7; 3,5; 3,0; 4,0;– 0,3; 3,7; 4,5; 3,6; 5,3; 2,8; 0,7; 3,7; 2,8; 6,6
415;DEF0A;01057;SH;;;3;Plön, Kreis;.; 1,3;– 0,3;– 0,7;– 1,0; 0,3;– 0,2; 5,9; 0,9; 3,2; 1,8; 0,6; 1,7; 2,5; 2,9; 3,3; 3,5; 3,6; 5,1; 4,3; 0,4; 5,2; 7,6; 6,8
416;DEF0B;01058;SH;;;3;Rendsburg-Eckernförde, Kreis;.; 3,1; 1,9;– 1,9;– 0,5;– 0,5; 0,5; 2,7; 2,9; 2,5; 2,3; 3,1; 4,0; 3,9; 2,4; 3,6; 3,5; 5,2; 4,8; 4,3; 0,4; 3,8; 6,6; 8,9
417;DEF0C;01059;SH;;;3;Schleswig-Flensburg, Kreis;.;– 0,6; 0,1;– 0,6;– 1,2;– 1,5;– 0,5; 4,3; 3,4; 3,0; 1,7; 3,5; 3,2; 3,4; 4,3; 4,7; 3,6; 4,8; 5,7; 4,2; 0,8; 4,2; 7,0; 8,3
418;DEF0D;01060;SH;;;3;Segeberg, Kreis;.; 2,8; 0,2; 0,8; 0,1;– 0,6; 0,2; 3,5; 3,4;– 0,1; 1,8; 2,9; 3,4; 2,2; 3,6; 4,8; 5,6; 4,7; 6,3; 4,4; 0,2; 2,5; 7,6; 8,1
419;DEF0E;01061;SH;;;3;Steinburg, Kreis;.; 2,3; 0,3;– 1,8;– 2,1;– 2,1;– 0,5; 2,4; 1,0;– 0,7; 3,1; 3,0; 2,7; 4,1; 0,7; 2,4; 2,4; 4,4; 4,8; 5,1; 0,3; 4,2; 6,7; 7,6
420;DEF0F;01062;SH;;;3;Stormarn, Kreis;.; 2,6; 0,6; 0,6; 1,0; 1,6; 1,3; 3,8; 4,8; 0,0; 2,5; 3,9; 2,9; 3,6; 3,2; 3,3; 3,6; 6,5; 5,2; 4,2;– 0,0; 4,7; 6,3; 6,7
421;DEG;16;TH;1;2;;Thüringen;.; 0,1; 0,0;– 0,3; 1,2;– 0,4; 1,9; 3,1; 3,6; 0,0; 3,1; 3,8; 3,9; 2,9; 3,9; 3,9; 3,8; 4,6; 3,9; 3,3;– 0,9; 3,4; 6,3; 7,2
422;DEG01;16051;TH;;;3;Erfurt, Kreisfreie Stadt;.; 0,8; 0,6; 1,0; 1,3;– 1,5; 2,5; 2,6; 1,7; 1,3; 3,2; 4,1; 3,2; 3,8; 4,3; 3,8; 5,0; 4,5; 2,7; 3,9; 1,3; 3,6; 6,3; 6,8
423;DEG02;16052;TH;;;3;Gera, Kreisfreie Stadt;.;– 1,3; 0,4;– 1,0; 2,7;– 1,7; 1,9; 1,1; 0,6; 0,2; 1,3; 2,6; 2,3; 1,4; 4,2; 3,0; 1,7; 4,9; 2,7; 3,4; 0,7; 5,2; 7,8; 8,7
424;DEG03;16053;TH;;;3;Jena, Kreisfreie Stadt;.; 4,7; 2,4;– 0,2; 0,5; 1,2; 2,3; 3,8; 5,0; 2,4; 5,4; 5,6; 5,6; 4,6; 6,0; 4,7; 3,7; 5,9; 5,7; 5,5; 0,7; 5,3; 7,5; 9,3
425;DEG05;16055;TH;;;3;Weimar, Kreisfreie Stadt;.; 0,8;– 1,1;– 1,7; 1,5; 0,0; 0,4; 0,7; 5,7; 4,6; 3,5; 0,9; 4,1; 2,3; 1,7; 4,8; 3,7; 5,6; 2,6; 2,8; 1,0; 3,3; 7,3; 7,0
426;DEG06x;16061;TH;;;3;Eichsfeld, Landkreis;.; 0,8; 0,7; 0,8; 1,7; 0,1; 2,2; 4,2; 6,6;– 0,7; 4,6; 5,0; 6,0; 4,2; 4,4; 3,9; 5,2; 4,6; 5,9; 3,6;– 3,4; 3,5; 6,7; 5,9
427;DEG07;16062;TH;;;3;Nordhausen, Landkreis;.;– 3,2;– 2,3;– 3,1; 1,5; 1,7; 1,0; 2,2; 4,3; 1,5; 1,6; 0,2; 3,7; 3,5; 5,9; 4,9; 3,6; 3,2; 2,4; 2,2;– 0,6; 3,3; 5,2; 8,7
428;DEG09x;16064;TH;;;3;Unstrut-Hainich-Kreis;.;– 1,5;– 1,5;– 0,3; 0,8; 0,0;– 0,0; 1,7; 3,7;– 0,5; 3,2; 3,8; 2,4; 3,5; 3,3; 5,8; 3,7; 5,0; 3,6; 2,8;– 1,4; 3,7; 7,2; 7,6
429;DEG0A;16065;TH;;;3;Kyffhäuserkreis;.;– 5,1;– 2,7; 0,3;– 0,4;– 2,6; 0,4; 4,0; 0,8;– 0,1; 0,3; 2,8; 1,0; 1,7; 5,0; 3,8; 2,1; 3,3; 3,0; 2,2;– 1,4; 0,3; 6,3; 7,1
430;DEG0C;16067;TH;;;3;Gotha, Landkreis;.; 0,4; 0,6; 0,6; 2,7; 0,9; 2,2; 4,8; 3,4;– 4,0; 3,2; 4,5; 4,1; 3,9; 5,2; 2,4; 3,7; 5,1; 5,9; 3,4;– 1,5; 3,9; 6,5; 6,3
431;DEG0D;16068;TH;;;3;Sömmerda, Landkreis;.; 1,1; 0,4;– 1,3; 4,7;– 1,8;– 0,7; 3,0; 4,7;– 1,6; 4,7; 3,7; 7,7; 7,6; 2,4; 6,7; 5,6; 6,1; 4,5; 4,6;– 5,2; 2,4; 5,6; 5,0
432;DEG0E;16069;TH;;;3;Hildburghausen, Landkreis;.; 1,0;– 1,6;– 2,1; 1,0; 0,5; 1,8; 5,9; 4,1;– 2,4; 4,1; 4,9; 2,7; 1,8; 4,7; 4,4; 6,0; 2,9; 2,1; 2,3;– 1,4; 2,8; 3,6; 5,8
433;DEG0G;16071;TH;;;3;Weimarer Land, Landkreis;.; 0,5;– 0,6;– 1,3;– 0,4;– 1,3; 2,0; 4,2; 5,5; 1,8; 2,6; 4,1; 3,1; 0,2; 3,4; 5,2; 4,0; 4,7; 4,4; 3,9; 0,4; 4,2; 6,0; 5,9
434;DEG0J;16074;TH;;;3;Saale-Holzland-Kreis;.;– 1,6; 1,0; 0,5; 0,3;– 0,1; 2,3; 3,8; 3,5; 0,6; 2,9; 2,0; 3,0; 1,7; 2,0; 2,2; 4,5; 5,2; 3,4; 2,4; 0,9; 5,4; 6,3; 7,2
435;DEG0K;16075;TH;;;3;Saale-Orla-Kreis;.;– 1,0;– 1,5;– 0,1; 2,6;– 1,9; 1,9; 4,1; 3,4; 3,8; 2,3; 2,4; 4,1; 2,3; 1,5; 3,5; 2,7; 4,0; 4,1; 2,1;– 1,7; 1,8; 5,1; 5,6
436;DEG0L;16076;TH;;;3;Greiz, Landkreis;.;– 2,5;– 2,9;– 1,9;– 0,1;– 2,9; 1,0; 2,4; 4,5; 0,2; 2,5; 3,2; 1,7; 3,6; 4,6; 3,5; 3,8; 4,5; 4,3; 2,7;– 1,6; 2,5; 5,0; 6,9
437;DEG0M;16077;TH;;;3;Altenburger Land, Landkreis;.;– 1,9;– 0,8; 0,1; 0,3;– 1,3; 3,3; 1,4; 3,7;– 0,5; 1,5; 3,5; 2,2; 2,7; 3,3; 2,2; 3,2; 4,9; 4,5; 4,1;– 0,8; 3,7; 7,7; 6,5
438;DEG0Q;16066;TH;;;3;Schmalkalden-Meiningen, Landkreis;.;– 0,0; 0,2;– 0,7; 0,3; 0,4; 1,3; 1,7; 4,9;– 1,9; 3,3; 5,3; 3,1; 2,5; 4,7; 4,0; 2,9; 5,5; 3,0; 2,6;– 2,0; 3,6; 6,0; 7,0
439;DEG0Rx;16063;TH;;;3;Wartburgkreis;.; 2,1; 1,7; 0,6; 1,1; 0,7; 2,7; 3,9; 3,6;– 3,0; 4,2; 4,8; 5,2; 0,9; 6,0; 4,5; 3,6; 4,4; 3,5; 2,0;– 2,7; 2,1; 5,6; 7,5
440;DEG0S;16054;TH;;;3;Suhl, Kreisfreie Stadt;.; 2,4;– 0,3;– 2,0;– 1,0; 1,4; 1,7; 1,7;– 0,4;– 2,3;– 0,1; 2,6; 2,8; 2,3; 1,2; 3,8; 2,0; 3,8; 4,0; 2,2;– 2,5;– 0,6; 6,5; 6,5
441;DEG0T;16070;TH;;;3;Ilm-Kreis;.; 0,7;– 0,7;– 0,0; 1,2; 0,1; 5,4; 4,3; 7,3; 1,5; 3,9; 5,0; 8,7; 2,3;– 1,4; 3,9; 3,8; 4,6; 4,4; 3,9;– 0,7; 5,9; 7,3; 9,9
442;DEG0U;16073;TH;;;3;Saalfeld-Rudolstadt, Landkreis;.;– 0,7; 0,7;– 2,1; 2,5;– 1,1; 1,3; 2,3; 4,7; 0,3; 1,6; 3,7; 2,0; 1,5; 4,4; 2,5; 2,4; 3,6; 3,3; 4,4;– 1,9; 1,6; 5,6; 6,0
443;DEG0V;16072;TH;;;3;Sonneberg, Landkreis;.; 0,6; 0,7; 2,2; 2,2; 0,1; 1,4; 7,9; 1,8;– 2,7; 6,1; 5,2; 3,6; 4,2; 3,4; 3,3; 4,2; 2,9; 5,5; 0,9;– 2,1;– 0,2; 4,1; 5,4
444;DE;17;D;0;;;Deutschland;.; 1,9; 0,9; 0,2; 0,7;– 0,1; 1,7; 3,3; 4,1; 0,2; 3,1; 4,7; 4,3; 3,3; 4,2; 4,2; 4,2; 4,5; 5,0; 4,4;– 0,7; 3,8; 6,1; 7,4
